timestamp,temperature_c,humidity_pct,hour,day_of_week,is_weekend,load_mw
2025-01-01 00:00:00,25.934513920328655,56.340039852723,0,2,0,1071.6032586294352
2025-01-01 01:00:00,22.63260581285239,55.97114357597104,1,2,0,945.1677705058001
2025-01-01 02:00:00,22.969394859591088,64.81687545077169,2,2,0,912.1751270623715
2025-01-01 03:00:00,21.38579776857515,62.77936705667934,3,2,0,918.5044980088733
2025-01-01 04:00:00,16.227611198238733,64.72892902342001,4,2,0,957.3355946229136
2025-01-01 05:00:00,15.556490548082722,67.56624946533671,5,2,0,1003.4691068194577
2025-01-01 06:00:00,16.16008408193301,73.58656336018169,6,2,0,1024.3029711489462
2025-01-01 07:00:00,14.927881529787562,55.99194297244435,7,2,0,1075.2920943960835
2025-01-01 08:00:00,15.048692035618192,59.827016862244285,8,2,0,1083.1140457164415
2025-01-01 09:00:00,14.283719927511564,60.62181169229728,9,2,0,1077.1729930933511
2025-01-01 10:00:00,17.061953167967662,58.571940243282164,10,2,0,1058.3879419497216
2025-01-01 11:00:00,18.052456278832246,57.26868449805225,11,2,0,968.4259849208173
2025-01-01 12:00:00,18.648090261696797,60.14215163909982,12,2,0,1034.6118781404466
2025-01-01 13:00:00,21.609809557267333,55.28966131593545,13,2,0,1031.2630378647705
2025-01-01 14:00:00,22.62986463532579,61.088223616019334,14,2,0,1044.423454974008
2025-01-01 15:00:00,22.8494357848811,59.86701897176202,15,2,0,1014.2316547598439
2025-01-01 16:00:00,26.011354365522337,60.319572912845686,16,2,0,1176.0716313806956
2025-01-01 17:00:00,25.86794177193437,60.48373709777926,17,2,0,1145.8064071115525
2025-01-01 18:00:00,29.185171612683135,59.53795876863345,18,2,0,1399.4452447474819
2025-01-01 19:00:00,28.77042311546331,55.79819500651915,19,2,0,1344.939988815308
2025-01-01 20:00:00,28.847018588369025,65.74576617518706,20,2,0,1295.6131480928364
2025-01-01 21:00:00,28.013218755362086,58.53243696378355,21,2,0,1292.6965917925374
2025-01-01 22:00:00,29.598080857523247,49.510828646491525,22,2,0,1391.061736260378
2025-01-01 23:00:00,26.83316551444661,54.05723081115649,23,2,0,1143.972123566019
2025-01-02 00:00:00,25.123693059895253,51.788510819930636,0,3,0,1031.9943403136388
2025-01-02 01:00:00,23.526859501622752,59.458594715956124,1,3,0,980.5002608982758
2025-01-02 02:00:00,22.776457469154998,59.20219611612466,2,3,0,923.0137270093928
2025-01-02 03:00:00,20.76448600801023,58.62050280519808,3,3,0,853.8673665792104
2025-01-02 04:00:00,19.132965580406168,69.19051821743959,4,3,0,924.7825864390828
2025-01-02 05:00:00,17.704924181794606,63.9139618235898,5,3,0,956.4554400529893
2025-01-02 06:00:00,18.645485741044464,64.24619914936756,6,3,0,929.9682828903714
2025-01-02 07:00:00,14.888507642805967,59.1203029911092,7,3,0,1038.1330759189916
2025-01-02 08:00:00,14.522995171605139,58.994222366033895,8,3,0,1099.8718036880484
2025-01-02 09:00:00,14.399678388570052,63.1873506409598,9,3,0,1079.6124771701086
2025-01-02 10:00:00,16.814683927090506,62.7661549877727,10,3,0,995.6893451756023
2025-01-02 11:00:00,18.542705729450223,53.95767143976209,11,3,0,972.4434204105424
2025-01-02 12:00:00,18.500949497305132,60.678392109679805,12,3,0,1020.9277478041383
2025-01-02 13:00:00,19.317765358418303,61.1291821881267,13,3,0,987.3629048350307
2025-01-02 14:00:00,21.148308987661494,59.480079741850886,14,3,0,992.1395546932099
2025-01-02 15:00:00,24.730131107598268,55.65438590757399,15,3,0,1157.0818180855695
2025-01-02 16:00:00,26.52959145193511,56.0300226915414,16,3,0,1214.9233146996196
2025-01-02 17:00:00,27.739219036763046,56.9968756110036,17,3,0,1294.7021093436567
2025-01-02 18:00:00,27.401252624235617,58.20269904474594,18,3,0,1242.8665019993987
2025-01-02 19:00:00,29.17776081819452,59.54806200292447,19,3,0,1374.1663145633906
2025-01-02 20:00:00,29.277709417459857,61.41234105281954,20,3,0,1332.2829713192948
2025-01-02 21:00:00,29.161593546589273,55.957971687255295,21,3,0,1388.8200596773054
2025-01-02 22:00:00,29.245578806519884,55.277143692930615,22,3,0,1372.4189653212948
2025-01-02 23:00:00,27.355748573326434,59.60832326480666,23,3,0,1190.021365257293
2025-01-03 00:00:00,26.52117494457929,60.63490968781171,0,4,0,1125.2732649206223
2025-01-03 01:00:00,24.09930686799733,57.423475519765525,1,4,0,1013.1042232179459
2025-01-03 02:00:00,22.553421947321,62.940205128936284,2,4,0,901.880072358124
2025-01-03 03:00:00,21.152291224181617,64.25742487495125,3,4,0,900.550354199825
2025-01-03 04:00:00,16.957891685066215,67.18358918860821,4,4,0,930.0440922649028
2025-01-03 05:00:00,16.87312574095842,69.16403333049593,5,4,0,1011.6493961721616
2025-01-03 06:00:00,15.579853657250588,59.10239398246201,6,4,0,1046.6993417748763
2025-01-03 07:00:00,14.678344466977526,62.98425505053903,7,4,0,1024.0606001460324
2025-01-03 08:00:00,14.876307967420994,62.89458759950624,8,4,0,1042.4115161752775
2025-01-03 09:00:00,17.238927458350812,61.512134742529646,9,4,0,995.5506925912058
2025-01-03 10:00:00,15.105303503570054,60.160826920131434,10,4,0,1079.9521322333194
2025-01-03 11:00:00,18.418665226096962,55.49028589663693,11,4,0,961.319829905309
2025-01-03 12:00:00,16.68703494295405,62.4959038069344,12,4,0,1093.4252031741962
2025-01-03 13:00:00,19.99288331719244,57.72942403493137,13,4,0,1003.2486600537143
2025-01-03 14:00:00,22.401782347019022,60.183260984182894,14,4,0,1038.7902985189348
2025-01-03 15:00:00,24.721678782241796,55.73515432030787,15,4,0,1091.8486335106968
2025-01-03 16:00:00,26.559950564644442,53.77738639076486,16,4,0,1227.489491259522
2025-01-03 17:00:00,28.108242819438757,58.49389631373209,17,4,0,1307.290830060355
2025-01-03 18:00:00,27.85018640868596,58.2636115437516,18,4,0,1280.5938234069422
2025-01-03 19:00:00,28.41313730171901,59.751872964596124,19,4,0,1338.432534261084
2025-01-03 20:00:00,30.2360497264016,65.44903517510986,20,4,0,1441.056253929127
2025-01-03 21:00:00,28.738394263058556,58.41380041961997,21,4,0,1367.984883697429
2025-01-03 22:00:00,26.737832907378582,60.045193905305084,22,4,0,1166.6932280495985
2025-01-03 23:00:00,25.796281480394672,54.17124209237283,23,4,0,1125.3072808401967
2025-01-04 00:00:00,24.671866964007343,53.78362345225156,0,5,1,869.6554808121265
2025-01-04 01:00:00,24.683535915791442,65.25790342077676,1,5,1,868.6113988464022
2025-01-04 02:00:00,22.446120590493955,56.1276326440692,2,5,1,780.3519810592107
2025-01-04 03:00:00,21.292058816372954,56.107400187576246,3,5,1,794.5969848066925
2025-01-04 04:00:00,18.262506531605435,61.338601702491616,4,5,1,800.2575000529907
2025-01-04 05:00:00,17.5157098681955,61.43294639921225,5,5,1,809.0570936680314
2025-01-04 06:00:00,16.96374035347901,58.40447783283523,6,5,1,819.1960693084615
2025-01-04 07:00:00,15.142513075521515,61.523101894938996,7,5,1,895.1727683809949
2025-01-04 08:00:00,15.823339992278173,67.38816687368914,8,5,1,906.3387541096531
2025-01-04 09:00:00,14.719417793905821,59.68825844711048,9,5,1,959.8587501139708
2025-01-04 10:00:00,15.777367264840123,56.914363156599265,10,5,1,915.3197807487702
2025-01-04 11:00:00,16.867376766105455,65.82342377715699,11,5,1,941.0041164556221
2025-01-04 12:00:00,17.34020213250243,63.833106794751174,12,5,1,894.5758923149973
2025-01-04 13:00:00,21.04784336843433,57.89878817003162,13,5,1,904.0098118435069
2025-01-04 14:00:00,21.71192689896601,53.78656117590592,14,5,1,870.7332131082421
2025-01-04 15:00:00,24.10193596540015,56.18073218808569,15,5,1,959.2605059475188
2025-01-04 16:00:00,26.35210569789637,58.04033997344437,16,5,1,1065.9611650102024
2025-01-04 17:00:00,27.76079458675104,62.35837052483486,17,5,1,1118.1266972439687
2025-01-04 18:00:00,29.135849664467692,52.9993322347343,18,5,1,1303.9114235126067
2025-01-04 19:00:00,28.918507909821447,56.89451731002553,19,5,1,1234.9071163926972
2025-01-04 20:00:00,28.767251732756293,59.99367794647707,20,5,1,1232.2155441704142
2025-01-04 21:00:00,28.941028638145074,47.69851918425429,21,5,1,1198.5047141001899
2025-01-04 22:00:00,26.312586212950716,62.41011018657531,22,5,1,1001.5981010861121
2025-01-04 23:00:00,25.488422208607407,53.874828827731285,23,5,1,925.5758142256419
2025-01-05 00:00:00,24.256619660124503,60.425334109777936,0,6,1,910.2372377077539
2025-01-05 01:00:00,22.958896317545655,60.60317407142472,1,6,1,834.907505253954
2025-01-05 02:00:00,22.82358826701791,64.00891025904822,2,6,1,829.8554994614378
2025-01-05 03:00:00,19.445551012800067,63.22547711845414,3,6,1,816.8180860430917
2025-01-05 04:00:00,18.39006413010252,51.934812381039066,4,6,1,826.71545059305
2025-01-05 05:00:00,18.953185683987233,58.079608737781136,5,6,1,815.7555172215543
2025-01-05 06:00:00,15.854164603185001,63.011154676139114,6,6,1,850.1839588398149
2025-01-05 07:00:00,16.467397093086813,61.43312161828612,7,6,1,855.2001684218051
2025-01-05 08:00:00,14.223517978937934,65.0210357274519,8,6,1,963.4038777220837
2025-01-05 09:00:00,15.335853341485153,65.82312488608476,9,6,1,960.3692909316104
2025-01-05 10:00:00,15.14165490256602,65.1771449846923,10,6,1,966.924654353259
2025-01-05 11:00:00,16.987272035563283,61.14799141555683,11,6,1,865.2140266755782
2025-01-05 12:00:00,19.85222895989866,53.47376037155861,12,6,1,857.985937769471
2025-01-05 13:00:00,18.459341371401322,59.5943384560202,13,6,1,842.618147431079
2025-01-05 14:00:00,22.865167567204814,61.3194055656739,14,6,1,910.4620137805564
2025-01-05 15:00:00,24.440875233466166,54.661860896411625,15,6,1,927.5682080309184
2025-01-05 16:00:00,25.130879248113633,61.272747221240856,16,6,1,1011.7860789618
2025-01-05 17:00:00,25.55833723798947,62.21023829387343,17,6,1,1024.6761727033502
2025-01-05 18:00:00,28.4925924306975,57.91043093290437,18,6,1,1260.537514603807
2025-01-05 19:00:00,28.4699487280967,45.15690104351174,19,6,1,1221.817980304333
2025-01-05 20:00:00,29.623070648575432,51.83841828972261,20,6,1,1283.0101119970022
2025-01-05 21:00:00,29.131562553601395,64.69213161278377,21,6,1,1256.308343207811
2025-01-05 22:00:00,30.328171691025958,54.48258015147611,22,6,1,1306.2234934220455
2025-01-05 23:00:00,27.00637991028799,50.06087514336882,23,6,1,1019.3521645716554
2025-01-06 00:00:00,24.6842097986435,63.86730563378369,0,0,0,1038.1148423774894
2025-01-06 01:00:00,24.439270867454965,59.077714019192705,1,0,0,959.2602729854306
2025-01-06 02:00:00,22.676402810555857,64.14920083160857,2,0,0,947.0364990878147
2025-01-06 03:00:00,22.231698564360617,61.01515527513322,3,0,0,912.0561749795138
2025-01-06 04:00:00,19.91454028488723,62.66842043089379,4,0,0,918.7505947412249
2025-01-06 05:00:00,17.890904592463315,63.09567515387274,5,0,0,917.7748118995768
2025-01-06 06:00:00,18.106192432762143,64.34747627457914,6,0,0,959.6600766765431
2025-01-06 07:00:00,14.22441034057884,72.21995765799286,7,0,0,1108.8000459850084
2025-01-06 08:00:00,14.644704950490043,66.82614336364074,8,0,0,1131.4013825858594
2025-01-06 09:00:00,14.539034876079633,56.663028778186,9,0,0,1114.022643009399
2025-01-06 10:00:00,15.882457199511748,64.23366318131092,10,0,0,1041.5294447291262
2025-01-06 11:00:00,15.810635944416338,67.04166869464633,11,0,0,1067.509849036444
2025-01-06 12:00:00,19.674587925967025,65.74096805575778,12,0,0,960.8528677606985
2025-01-06 13:00:00,20.334006237553563,58.959977572742176,13,0,0,1010.1479938791261
2025-01-06 14:00:00,20.64743923638655,65.2008020861979,14,0,0,1018.9210949266302
2025-01-06 15:00:00,23.005445208058333,63.308791514981486,15,0,0,1108.5730127482527
2025-01-06 16:00:00,26.288623406729972,68.57462038518693,16,0,0,1180.4577552300154
2025-01-06 17:00:00,28.367906139568827,54.45283059917842,17,0,0,1335.499895160881
2025-01-06 18:00:00,30.870661686310953,54.42213301987392,18,0,0,1560.0145865838176
2025-01-06 19:00:00,32.67052253302201,54.507314792951384,19,0,0,1781.2684905145338
2025-01-06 20:00:00,29.909698109720935,54.875232155956525,20,0,0,1462.4523222494145
2025-01-06 21:00:00,27.98644182977498,54.04534026903559,21,0,0,1267.8452628186537
2025-01-06 22:00:00,25.91612907940324,47.38284634554373,22,0,0,1141.3044532949498
2025-01-06 23:00:00,27.683408012908174,55.987838899944194,23,0,0,1209.0504392006808
2025-01-07 00:00:00,25.00530286522502,60.27531109270961,0,1,0,1071.3307578506854
2025-01-07 01:00:00,23.794136783099432,57.30945790473658,1,1,0,1001.4546522695205
2025-01-07 02:00:00,21.74631602072564,67.84299832582619,2,1,0,928.4311598163429
2025-01-07 03:00:00,20.5001498001801,60.65344333079141,3,1,0,907.3716488689963
2025-01-07 04:00:00,20.260008456542582,65.8601128381195,4,1,0,978.520068406706
2025-01-07 05:00:00,17.71954299222599,62.75786445402948,5,1,0,929.3879591164686
2025-01-07 06:00:00,16.228292548659915,65.61431222010907,6,1,0,1011.0325035514044
2025-01-07 07:00:00,14.476566892182959,64.12633945886107,7,1,0,1076.6497214530502
2025-01-07 08:00:00,13.471212645952182,68.88665346923338,8,1,0,1212.0961005178992
2025-01-07 09:00:00,15.135781904685935,62.969444638655226,9,1,0,1106.5512767505654
2025-01-07 10:00:00,16.354115292124355,64.2428367155054,10,1,0,1026.8123017316743
2025-01-07 11:00:00,19.652600607587438,62.4042914915652,11,1,0,1000.6803969092639
2025-01-07 12:00:00,19.137161605364874,59.991993525344775,12,1,0,1005.4281070078767
2025-01-07 13:00:00,21.848386277107434,61.680574764855734,13,1,0,1004.9377526786895
2025-01-07 14:00:00,21.881677461350428,68.98487400025056,14,1,0,1040.0705576213556
2025-01-07 15:00:00,22.870632975614626,58.570159041372385,15,1,0,1053.9488614219647
2025-01-07 16:00:00,24.822692064918563,60.54878274544557,16,1,0,1121.287945752252
2025-01-07 17:00:00,26.560308370460337,63.20699245529363,17,1,0,1207.5596813993898
2025-01-07 18:00:00,31.097173685010677,60.92214364977285,18,1,0,1611.398754398283
2025-01-07 19:00:00,28.25664894855162,57.54420609145681,19,1,0,1321.1848434257613
2025-01-07 20:00:00,30.487019224081024,47.071637498538145,20,1,0,1514.598621018437
2025-01-07 21:00:00,28.158800349916454,59.603291134627284,21,1,0,1268.4020371799602
2025-01-07 22:00:00,29.660897621537575,48.05774391689276,22,1,0,1449.486210143731
2025-01-07 23:00:00,27.89252080723028,63.52274060087281,23,1,0,1215.8340091127395
2025-01-08 00:00:00,25.86114961126335,59.1334356402677,0,2,0,1105.201352993521
2025-01-08 01:00:00,24.311933372808184,63.073922730364686,1,2,0,1002.3066156874976
2025-01-08 02:00:00,21.763369853937792,56.486207505700676,2,2,0,974.3538084409128
2025-01-08 03:00:00,21.272668414513912,54.08090274099422,3,2,0,900.8396277139307
2025-01-08 04:00:00,18.503134912044125,62.44176357174702,4,2,0,911.6707472679468
2025-01-08 05:00:00,16.12864070362653,62.21412995872482,5,2,0,975.8363678932294
2025-01-08 06:00:00,14.953412172778444,60.85247182625996,6,2,0,1069.2161093009875
2025-01-08 07:00:00,15.994739805696124,62.74074920065261,7,2,0,990.0818622608119
2025-01-08 08:00:00,17.44402459614558,72.8921337296708,8,2,0,976.3660500902885
2025-01-08 09:00:00,15.979624240717706,65.74625249318915,9,2,0,994.4194416976433
2025-01-08 10:00:00,16.344571270630134,66.46016591520123,10,2,0,1051.463952921007
2025-01-08 11:00:00,17.942358987670282,64.9988039711453,11,2,0,997.2601024966358
2025-01-08 12:00:00,20.61631717850125,66.47132170400828,12,2,0,961.2950301271587
2025-01-08 13:00:00,21.00064077437204,59.63945699864821,13,2,0,1034.2513083552892
2025-01-08 14:00:00,22.056002411452575,51.75855380471779,14,2,0,993.1909098709466
2025-01-08 15:00:00,25.688394856242574,57.77029752547893,15,2,0,1186.0602815974603
2025-01-08 16:00:00,26.563622814606997,61.4214937141432,16,2,0,1198.817336705609
2025-01-08 17:00:00,29.341769747154082,53.18409052067807,17,2,0,1471.135989997586
2025-01-08 18:00:00,28.831174239610416,56.56206650219851,18,2,0,1394.906979734967
2025-01-08 19:00:00,27.841233034411935,54.89642781422597,19,2,0,1258.146324221467
2025-01-08 20:00:00,27.907324049358262,63.645187387629214,20,2,0,1254.269181867323
2025-01-08 21:00:00,31.291709391154036,59.281144305164645,21,2,0,1605.58290523585
2025-01-08 22:00:00,30.679691779884088,59.1342857706222,22,2,0,1505.5309200575775
2025-01-08 23:00:00,27.283439500819775,60.373029452155976,23,2,0,1192.9779272718094
2025-01-09 00:00:00,25.657410497293938,58.388038790873914,0,3,0,1115.9164638154211
2025-01-09 01:00:00,26.182701749065412,59.117144430483854,1,3,0,1091.0945208457783
2025-01-09 02:00:00,21.288780464204937,55.54374949218876,2,3,0,926.738831127961
2025-01-09 03:00:00,19.731829544192486,52.16150026732074,3,3,0,940.8874893893635
2025-01-09 04:00:00,19.889227436283978,61.444633546866505,4,3,0,940.4725442714464
2025-01-09 05:00:00,17.193961666919783,63.21837635832067,5,3,0,961.8575953154457
2025-01-09 06:00:00,16.548911216101967,67.01749378726072,6,3,0,987.4506123915319
2025-01-09 07:00:00,15.659623020404233,68.82149405616778,7,3,0,996.2555085948493
2025-01-09 08:00:00,16.022324741215847,68.67106404350945,8,3,0,1009.7015395419728
2025-01-09 09:00:00,17.544732732210107,57.79001253394045,9,3,0,1006.8460993888435
2025-01-09 10:00:00,16.66375934444815,60.72543612242167,10,3,0,1032.1820278287166
2025-01-09 11:00:00,18.440214366283524,63.34525143701211,11,3,0,1003.967825270529
2025-01-09 12:00:00,16.657028761419895,72.26480720640075,12,3,0,1079.7897890567926
2025-01-09 13:00:00,20.747039884623337,66.42158086100633,13,3,0,976.5458796069879
2025-01-09 14:00:00,21.60535895830568,64.63544506467125,14,3,0,1013.0621830235174
2025-01-09 15:00:00,22.966392925866415,58.062291007456274,15,3,0,1054.3966690857478
2025-01-09 16:00:00,25.063452442342623,55.24182049844246,16,3,0,1112.8603406863172
2025-01-09 17:00:00,27.16603462212198,61.08921768468417,17,3,0,1288.63453528462
2025-01-09 18:00:00,29.778496159975408,52.4859564790724,18,3,0,1488.363580706814
2025-01-09 19:00:00,27.787044805393123,56.73143667392154,19,3,0,1287.7004615799676
2025-01-09 20:00:00,29.653993073770426,56.47929097448414,20,3,0,1476.75503429323
2025-01-09 21:00:00,28.797712746680304,63.65256325781911,21,3,0,1303.7915870123088
2025-01-09 22:00:00,28.286205395913843,56.066728629795755,22,3,0,1286.258083950625
2025-01-09 23:00:00,28.770292141328483,47.53488458917815,23,3,0,1327.0515314846227
2025-01-10 00:00:00,26.83091110113062,60.08541415019763,0,4,0,1135.8558316877563
2025-01-10 01:00:00,26.10178362137485,55.56319913903435,1,4,0,1113.6933693495755
2025-01-10 02:00:00,22.49976576162603,59.97061779310057,2,4,0,921.065244272481
2025-01-10 03:00:00,20.038308127003422,60.43785794583014,3,4,0,935.2674390042407
2025-01-10 04:00:00,18.916541996469313,60.1385672181412,4,4,0,953.8324805909373
2025-01-10 05:00:00,18.026421257945543,64.75079382396059,5,4,0,954.0960075567349
2025-01-10 06:00:00,16.834882780379292,55.93458737443745,6,4,0,940.2270310373842
2025-01-10 07:00:00,14.622426106022393,60.8829726577736,7,4,0,1067.2871513328407
2025-01-10 08:00:00,15.79376031467936,65.21864752659778,8,4,0,1060.912124472241
2025-01-10 09:00:00,16.19756578886912,59.86463458307488,9,4,0,1042.9018785839705
2025-01-10 10:00:00,19.643963595275547,54.507187724809896,10,4,0,914.5942690618167
2025-01-10 11:00:00,19.987638641958085,63.47916591624371,11,4,0,1022.335466706397
2025-01-10 12:00:00,18.161280556055328,66.02786629934403,12,4,0,1019.5859748333148
2025-01-10 13:00:00,20.528579227149255,60.40858747856827,13,4,0,985.6926786875177
2025-01-10 14:00:00,20.929042174521506,52.58500073631327,14,4,0,1036.604241306833
2025-01-10 15:00:00,23.788057475687374,62.10865599652031,15,4,0,1061.8238078233942
2025-01-10 16:00:00,26.56389858103432,51.53488904190752,16,4,0,1201.8180568199652
2025-01-10 17:00:00,29.081944390097622,58.402419351353615,17,4,0,1418.7886831118553
2025-01-10 18:00:00,27.872449797924652,54.1011647818615,18,4,0,1343.291216401689
2025-01-10 19:00:00,28.66167763266803,52.69597180386493,19,4,0,1394.303721810575
2025-01-10 20:00:00,27.108425741039525,56.18898963526543,20,4,0,1228.8766494231438
2025-01-10 21:00:00,29.2514542560955,56.36622807185276,21,4,0,1395.1058427746482
2025-01-10 22:00:00,27.47245310898551,55.23418575486,22,4,0,1243.454443197161
2025-01-10 23:00:00,26.999592732192458,60.354976019983624,23,4,0,1148.1838371418
2025-01-11 00:00:00,25.20067390557187,56.93545292393592,0,5,1,948.0856801923327
2025-01-11 01:00:00,24.451525089987552,62.940153450692264,1,5,1,872.0791813272917
2025-01-11 02:00:00,20.643632769745018,61.667239554675916,2,5,1,798.8528805867477
2025-01-11 03:00:00,19.180719229186142,58.33748348194031,3,5,1,786.999533604551
2025-01-11 04:00:00,21.808003373806933,56.613039115148084,4,5,1,821.7257452401788
2025-01-11 05:00:00,16.258252273538304,55.70671389439492,5,5,1,872.1025250438441
2025-01-11 06:00:00,15.37458631873634,63.813098183972755,6,5,1,837.937594091079
2025-01-11 07:00:00,18.195722289335077,60.103360895260536,7,5,1,838.948818417881
2025-01-11 08:00:00,19.238987442461465,51.61562291076136,8,5,1,848.615588214415
2025-01-11 09:00:00,14.585546100759089,60.822922068618766,9,5,1,999.1430975929517
2025-01-11 10:00:00,16.24883026473627,58.69633177708569,10,5,1,920.4361990584576
2025-01-11 11:00:00,18.213026032195756,67.81749995580434,11,5,1,919.6183161033341
2025-01-11 12:00:00,21.327344012659687,53.45794794736289,12,5,1,887.1926059802231
2025-01-11 13:00:00,19.756945029541445,55.13181878924721,13,5,1,887.343727291997
2025-01-11 14:00:00,22.458573424242445,64.25644920272582,14,5,1,935.0839192238844
2025-01-11 15:00:00,25.497445246364716,64.02807453130997,15,5,1,1038.5237080300128
2025-01-11 16:00:00,26.77462612873292,55.110217793604264,16,5,1,1081.9668398379433
2025-01-11 17:00:00,27.251267022202686,55.371149899883285,17,5,1,1070.7011800075024
2025-01-11 18:00:00,28.654497108444797,59.803142742835334,18,5,1,1222.795455169553
2025-01-11 19:00:00,27.864512653352474,48.34579575087777,19,5,1,1178.2011307238743
2025-01-11 20:00:00,29.46709834660338,49.56838592333642,20,5,1,1277.8715775102273
2025-01-11 21:00:00,29.194722635385705,55.99917734244287,21,5,1,1269.677203958863
2025-01-11 22:00:00,29.093688533415555,63.36208685115028,22,5,1,1233.007203580175
2025-01-11 23:00:00,27.03626164509599,56.242574989294646,23,5,1,1085.7174292942216
2025-01-12 00:00:00,26.886264226528642,58.44924147632916,0,6,1,1027.8036346160723
2025-01-12 01:00:00,25.847410296575916,62.99619297162568,1,6,1,975.3359973468348
2025-01-12 02:00:00,23.006933192676634,68.02476565604194,2,6,1,848.0089268480675
2025-01-12 03:00:00,21.430792373835875,57.9202891578724,3,6,1,838.4399511917179
2025-01-12 04:00:00,19.384204416567915,60.97897133843913,4,6,1,753.4151953115485
2025-01-12 05:00:00,17.870771802878338,68.93991216422003,5,6,1,811.6883657927331
2025-01-12 06:00:00,15.89237053273199,56.35425468614149,6,6,1,914.701044987257
2025-01-12 07:00:00,16.43873032945897,66.3348321504317,7,6,1,921.5940065684794
2025-01-12 08:00:00,15.70367408137829,58.44526823800365,8,6,1,929.293884557628
2025-01-12 09:00:00,18.570739186167714,61.78159379394555,9,6,1,845.6436129119063
2025-01-12 10:00:00,18.646266055953696,60.37101738801743,10,6,1,882.0693638762522
2025-01-12 11:00:00,18.333686394236448,57.6344790395005,11,6,1,899.5324169447754
2025-01-12 12:00:00,18.404749347840756,57.5056925502306,12,6,1,875.6655992650498
2025-01-12 13:00:00,19.673790917376728,62.036141090064326,13,6,1,886.2302117294105
2025-01-12 14:00:00,24.249789543181112,63.082241495378284,14,6,1,999.8993937308169
2025-01-12 15:00:00,24.947450385368686,58.30207503309851,15,6,1,1049.3311141671888
2025-01-12 16:00:00,26.89659008354441,58.3218166015151,16,6,1,1132.6533365390385
2025-01-12 17:00:00,25.676662283411275,60.81403135179968,17,6,1,1032.315144934928
2025-01-12 18:00:00,29.99552200383536,52.91531610641402,18,6,1,1359.756248867641
2025-01-12 19:00:00,30.127203189355185,59.707888757909615,19,6,1,1377.9947832286064
2025-01-12 20:00:00,28.4879011781771,60.68221191696815,20,6,1,1197.2336921680812
2025-01-12 21:00:00,29.016069014558013,67.60807758917844,21,6,1,1239.4555886985697
2025-01-12 22:00:00,29.199056471193373,55.615960649284325,22,6,1,1213.8133875592478
2025-01-12 23:00:00,27.833125625807803,55.83442254300437,23,6,1,1146.5205540103316
2025-01-13 00:00:00,26.037080629052397,61.461031234674024,0,0,0,1083.1419226391256
2025-01-13 01:00:00,24.575233446055154,62.246323297226496,1,0,0,1017.8795531215115
2025-01-13 02:00:00,22.5853131981684,57.625526107225795,2,0,0,957.3465681961909
2025-01-13 03:00:00,21.25902775082198,58.683738191951015,3,0,0,979.6984475779147
2025-01-13 04:00:00,21.15347641960845,62.50313278502878,4,0,0,921.6045225018844
2025-01-13 05:00:00,14.85794845459327,59.54648365522405,5,0,0,1047.367535111757
2025-01-13 06:00:00,16.541287908113972,60.54134888469435,6,0,0,986.5020177933462
2025-01-13 07:00:00,16.33802017364012,62.62316300001769,7,0,0,1059.3902475792484
2025-01-13 08:00:00,16.242878839641183,66.28660320343256,8,0,0,962.6050878800978
2025-01-13 09:00:00,15.679907770407638,60.109642427118786,9,0,0,1042.3287696130637
2025-01-13 10:00:00,14.717442086551292,55.543485317256795,10,0,0,1193.1216858799578
2025-01-13 11:00:00,18.331533164167762,53.80099686426006,11,0,0,1023.9567555520667
2025-01-13 12:00:00,21.460506309013685,55.17814520956999,12,0,0,986.2827385787192
2025-01-13 13:00:00,19.23531905039965,55.853201507040396,13,0,0,1010.6501532192773
2025-01-13 14:00:00,23.92427966845449,58.61184509813857,14,0,0,1090.1028259999787
2025-01-13 15:00:00,24.305189099986833,54.32240374561485,15,0,0,1124.843660740967
2025-01-13 16:00:00,26.314096837022046,55.463341425906364,16,0,0,1252.9340339661596
2025-01-13 17:00:00,26.573955307477753,55.0740743370807,17,0,0,1227.2213839775186
2025-01-13 18:00:00,28.548516471680678,55.618561967935754,18,0,0,1344.7807402836554
2025-01-13 19:00:00,31.209220349678887,61.60632918622093,19,0,0,1630.502813300264
2025-01-13 20:00:00,30.58687234240191,59.2130414207613,20,0,0,1514.1901446307631
2025-01-13 21:00:00,31.72794076253207,56.173341356091186,21,0,0,1621.4905599974215
2025-01-13 22:00:00,30.362758145280967,54.810791619564256,22,0,0,1441.4171053637165
2025-01-13 23:00:00,28.364337535037986,55.72133435949272,23,0,0,1249.321291790531
2025-01-14 00:00:00,28.547412495425153,58.69202088163773,0,1,0,1273.6289520442836
2025-01-14 01:00:00,25.293216170227407,61.0193898253182,1,1,0,1035.998435537787
2025-01-14 02:00:00,23.948276876180273,55.590219225125495,2,1,0,1008.59683055424
2025-01-14 03:00:00,20.787072604064505,60.631093980831125,3,1,0,896.444342871939
2025-01-14 04:00:00,19.53454604305485,52.85970330812595,4,1,0,849.3445881529858
2025-01-14 05:00:00,17.168035007757638,62.77964113357933,5,1,0,947.1507451075588
2025-01-14 06:00:00,18.080013959046553,64.61659138421612,6,1,0,948.4281857513389
2025-01-14 07:00:00,14.779245932262484,61.7680271195715,7,1,0,1073.346416031018
2025-01-14 08:00:00,16.893511474924992,69.30870339459042,8,1,0,1049.9073883177075
2025-01-14 09:00:00,15.964429010994131,58.88927460585815,9,1,0,1041.5057885133529
2025-01-14 10:00:00,18.298009749693517,62.350557761335644,10,1,0,1023.1532691501386
2025-01-14 11:00:00,18.905986382195483,61.094306460457986,11,1,0,1002.1095106942986
2025-01-14 12:00:00,21.639466453199965,59.74302274894638,12,1,0,1016.9825529360772
2025-01-14 13:00:00,22.01988737767253,59.534756376912,13,1,0,1009.623586774637
2025-01-14 14:00:00,21.068242757239915,60.80112301714192,14,1,0,1016.9867048227103
2025-01-14 15:00:00,24.686080572263606,62.317402744949355,15,1,0,1103.0205670395922
2025-01-14 16:00:00,25.04828243291002,64.29163197193498,16,1,0,1140.617725930836
2025-01-14 17:00:00,27.2825027214901,57.87799793338733,17,1,0,1262.025089552121
2025-01-14 18:00:00,30.83034301044694,59.72912708450776,18,1,0,1557.0896797190903
2025-01-14 19:00:00,30.481212421124514,53.80044724648306,19,1,0,1558.0029764889173
2025-01-14 20:00:00,29.115974549729305,60.217431991013214,20,1,0,1398.747054941056
2025-01-14 21:00:00,28.499711008318798,54.352149501364515,21,1,0,1310.9588434241589
2025-01-14 22:00:00,29.056207401966386,61.540156783565976,22,1,0,1363.5267848909248
2025-01-14 23:00:00,26.444566353072283,67.06473696834405,23,1,0,1145.539354914218
2025-01-15 00:00:00,25.71604484758885,58.02524650907889,0,2,0,1073.7588000824894
2025-01-15 01:00:00,25.20755786204389,49.946802891952814,1,2,0,1064.0421436679248
2025-01-15 02:00:00,24.40778762379278,56.84459321750359,2,2,0,1005.7730816302885
2025-01-15 03:00:00,21.94019363141643,64.95142308459064,3,2,0,919.8643337468333
2025-01-15 04:00:00,16.771865770147027,64.30356084004217,4,2,0,939.7220294497
2025-01-15 05:00:00,18.436905786995226,62.420892079902025,5,2,0,937.7334955442392
2025-01-15 06:00:00,17.045675641852768,66.01640316707825,6,2,0,1000.9413244155932
2025-01-15 07:00:00,16.756600738888505,64.03517346143829,7,2,0,988.7669489524453
2025-01-15 08:00:00,17.960864798446195,66.48655483042607,8,2,0,1048.809946611089
2025-01-15 09:00:00,13.78404646427558,66.9640761208777,9,2,0,1192.0816704949914
2025-01-15 10:00:00,16.24991124374435,68.3868373134501,10,2,0,1090.9043611281502
2025-01-15 11:00:00,18.780753299510945,62.72288301582064,11,2,0,1025.2475854949187
2025-01-15 12:00:00,17.623499901120017,65.37163764552781,12,2,0,1080.495258698595
2025-01-15 13:00:00,22.980818722411314,58.37916421869233,13,2,0,1036.1936714992053
2025-01-15 14:00:00,23.46344111570554,57.00878030748176,14,2,0,1010.0431962417804
2025-01-15 15:00:00,25.84904727919448,65.2874516499981,15,2,0,1173.5887956289312
2025-01-15 16:00:00,25.836280786638593,59.330306390635315,16,2,0,1194.5416228566505
2025-01-15 17:00:00,28.94767707673003,60.4404514327575,17,2,0,1408.1836014692553
2025-01-15 18:00:00,30.36575687414266,57.1486573079885,18,2,0,1539.6890734757658
2025-01-15 19:00:00,30.062347588652827,54.42899836085901,19,2,0,1524.5374448570078
2025-01-15 20:00:00,30.302694251703183,56.72285386964833,20,2,0,1514.1840174691056
2025-01-15 21:00:00,30.107305851626297,62.50105373042034,21,2,0,1493.0299076376036
2025-01-15 22:00:00,28.047576689268563,59.801929621410274,22,2,0,1251.477331383059
2025-01-15 23:00:00,27.794126232482157,50.8364568680853,23,2,0,1217.6638678681375
2025-01-16 00:00:00,26.40480559119359,57.37709993721794,0,3,0,1178.8772022995677
2025-01-16 01:00:00,25.35963858307826,65.78531973758754,1,3,0,1074.1715614976986
2025-01-16 02:00:00,24.287621726428775,58.22976386202867,2,3,0,1001.8271384799317
2025-01-16 03:00:00,20.005856016044685,53.5957428266454,3,3,0,910.4651830295289
2025-01-16 04:00:00,19.437821793752928,68.597066824189,4,3,0,914.8730542167563
2025-01-16 05:00:00,19.915831819021356,63.56323731164263,5,3,0,918.127758579556
2025-01-16 06:00:00,16.133348929070277,62.06660899312069,6,3,0,987.1371042200042
2025-01-16 07:00:00,15.33965182536456,61.1784683255259,7,3,0,1025.9529053438464
2025-01-16 08:00:00,16.330600060333854,66.5971676950334,8,3,0,1028.7831885040052
2025-01-16 09:00:00,17.33961407469533,59.6962207692171,9,3,0,998.6482078652305
2025-01-16 10:00:00,17.03936607031814,66.5772792699367,10,3,0,1060.8199787798585
2025-01-16 11:00:00,19.732837870354977,63.075645994755035,11,3,0,1006.9514428622585
2025-01-16 12:00:00,20.615985409216254,61.532333538262904,12,3,0,1015.7989537522299
2025-01-16 13:00:00,22.28628339468685,60.46754586346764,13,3,0,1020.3337193250688
2025-01-16 14:00:00,23.752772431725333,58.59901888045315,14,3,0,1082.8092542037327
2025-01-16 15:00:00,27.69274966626937,61.905460614329314,15,3,0,1319.9361310999109
2025-01-16 16:00:00,26.34163860349717,54.801973230193795,16,3,0,1230.5960366483687
2025-01-16 17:00:00,25.633353347962434,52.05895815349419,17,3,0,1161.75105678359
2025-01-16 18:00:00,31.07511569044806,58.82771421539068,18,3,0,1637.1606635027374
2025-01-16 19:00:00,29.300074097011706,59.60492367346391,19,3,0,1419.251074491359
2025-01-16 20:00:00,30.217289163348063,58.63404894470784,20,3,0,1517.025151990641
2025-01-16 21:00:00,31.420774235992532,57.86260378407514,21,3,0,1603.5269929922533
2025-01-16 22:00:00,27.227299007356784,56.6269188837071,22,3,0,1168.3374435287656
2025-01-16 23:00:00,26.535603441514887,61.33568944093614,23,3,0,1162.9201787865711
2025-01-17 00:00:00,24.73239620697981,58.724809010189915,0,4,0,1064.8616027000783
2025-01-17 01:00:00,24.012699499209575,57.246465957055456,1,4,0,1024.2468149660851
2025-01-17 02:00:00,23.681493658742827,58.07983728748127,2,4,0,1005.1449629573148
2025-01-17 03:00:00,21.971221827180113,68.09407006423129,3,4,0,938.0477281176651
2025-01-17 04:00:00,19.9854587467167,53.86591217313159,4,4,0,910.6872624371081
2025-01-17 05:00:00,16.50886320254576,64.1956071361649,5,4,0,1011.8836510142415
2025-01-17 06:00:00,14.319627781072192,56.355707177076255,6,4,0,1117.7891257994727
2025-01-17 07:00:00,16.457673249967417,61.78399734672114,7,4,0,1004.921057507302
2025-01-17 08:00:00,15.587798491156432,60.83037066292067,8,4,0,1092.7429847654607
2025-01-17 09:00:00,16.943711873558893,53.68240206385693,9,4,0,1004.0498868640748
2025-01-17 10:00:00,17.93409625649689,63.18251185913629,10,4,0,997.3998881363797
2025-01-17 11:00:00,18.370071981687023,59.93181895855641,11,4,0,1054.7955564491492
2025-01-17 12:00:00,20.56608943397346,52.17673885616564,12,4,0,1031.9196072112695
2025-01-17 13:00:00,21.617250064742873,63.51137233719986,13,4,0,1018.2374778253003
2025-01-17 14:00:00,23.790007378244194,65.02402176065806,14,4,0,1095.7577082566554
2025-01-17 15:00:00,24.12005513179622,65.1124753164678,15,4,0,1105.0971448311811
2025-01-17 16:00:00,26.438396034924686,59.66046734863601,16,4,0,1151.5675640601553
2025-01-17 17:00:00,28.339808515816614,57.64830914798182,17,4,0,1331.8591353003494
2025-01-17 18:00:00,30.20074172851441,62.03232979217742,18,4,0,1517.2300757703272
2025-01-17 19:00:00,29.442921108876426,63.752365897809824,19,4,0,1424.8569100506534
2025-01-17 20:00:00,30.77933043840097,61.02254263614211,20,4,0,1563.7203233154946
2025-01-17 21:00:00,29.596403965247458,53.19528800498181,21,4,0,1453.6287315074078
2025-01-17 22:00:00,29.07505695721975,57.975356629971785,22,4,0,1357.5617481550407
2025-01-17 23:00:00,29.099100050257157,58.91842455706285,23,4,0,1331.5013319854752
2025-01-18 00:00:00,24.32801245336017,51.83032714298702,0,5,1,907.8643331704036
2025-01-18 01:00:00,23.47565142065309,61.28718207022186,1,5,1,852.9234768695521
2025-01-18 02:00:00,21.441062421693772,69.31554233524005,2,5,1,804.6389865232985
2025-01-18 03:00:00,18.607612239089544,63.91669976756735,3,5,1,801.0671511148183
2025-01-18 04:00:00,18.905767570438947,67.13134529759145,4,5,1,864.2214804359986
2025-01-18 05:00:00,19.16925810999261,61.863955676517776,5,5,1,755.9172684127643
2025-01-18 06:00:00,16.815646192474993,61.78086822707471,6,5,1,858.1209468490565
2025-01-18 07:00:00,16.6955522129319,63.64686467515114,7,5,1,882.0417419076981
2025-01-18 08:00:00,17.526745894678108,58.52599505019103,8,5,1,850.0600872060367
2025-01-18 09:00:00,18.051427473322907,57.724328261733284,9,5,1,892.2313103336471
2025-01-18 10:00:00,17.07454155046272,67.03540160849238,10,5,1,925.105109790087
2025-01-18 11:00:00,19.894240497802603,66.33167317234503,11,5,1,870.797610218707
2025-01-18 12:00:00,19.83023688874609,56.90347998215216,12,5,1,873.3139771209561
2025-01-18 13:00:00,20.40307371431456,64.51076573248963,13,5,1,883.4575937562834
2025-01-18 14:00:00,22.506404475986674,59.44959830718125,14,5,1,916.8770124280704
2025-01-18 15:00:00,23.254774399264782,60.85732453825581,15,5,1,938.6954744234822
2025-01-18 16:00:00,25.653924274144774,60.37930484808235,16,5,1,1039.4114650260137
2025-01-18 17:00:00,27.739812341241674,61.68147693600061,17,5,1,1183.927612790938
2025-01-18 18:00:00,30.24616474837055,57.032406908104534,18,5,1,1413.309294916433
2025-01-18 19:00:00,32.04608948004781,61.622212189188616,19,5,1,1554.0472076421404
2025-01-18 20:00:00,28.56106708017271,58.61322452697061,20,5,1,1188.0996368719977
2025-01-18 21:00:00,30.452558644560536,59.11571363205392,21,5,1,1338.8377396186177
2025-01-18 22:00:00,28.03320999812719,54.25366563460013,22,5,1,1169.473049169665
2025-01-18 23:00:00,28.739068873086833,65.9390084935846,23,5,1,1203.4232503413314
2025-01-19 00:00:00,26.627774665944184,60.02818982644219,0,6,1,1039.687206639597
2025-01-19 01:00:00,22.899724971470064,62.492099712792374,1,6,1,808.3268157142525
2025-01-19 02:00:00,24.399035036651636,52.60764274049318,2,6,1,940.8724697713992
2025-01-19 03:00:00,20.747344475681334,57.21025411741106,3,6,1,787.5730727361981
2025-01-19 04:00:00,19.14439836072119,66.09377540738645,4,6,1,811.3881792928689
2025-01-19 05:00:00,17.051628284915996,63.12691315920402,5,6,1,874.6422607703398
2025-01-19 06:00:00,16.43776088825332,54.569776705382964,6,6,1,857.2359430244605
2025-01-19 07:00:00,17.03706639157988,66.13833315930333,7,6,1,859.1078114415183
2025-01-19 08:00:00,16.05798543764577,60.2016746075308,8,6,1,922.5143594829299
2025-01-19 09:00:00,16.91799226548496,67.67807103731286,9,6,1,971.0156262397026
2025-01-19 10:00:00,17.657207044992997,61.385774467588,10,6,1,898.2875957468996
2025-01-19 11:00:00,19.920125165097428,61.650776678043144,11,6,1,913.4604299346128
2025-01-19 12:00:00,19.3737352657322,65.76632420807371,12,6,1,913.3735405547678
2025-01-19 13:00:00,19.701115950836932,57.32958173624658,13,6,1,896.4250327059972
2025-01-19 14:00:00,24.565745546655837,55.002314550001906,14,6,1,968.9205803795024
2025-01-19 15:00:00,24.699026155970397,58.13439585601941,15,6,1,1025.9190434222007
2025-01-19 16:00:00,28.122589580262307,60.85965536637996,16,6,1,1178.0406438840398
2025-01-19 17:00:00,28.69487865089425,51.99853952918834,17,6,1,1297.4533073019493
2025-01-19 18:00:00,29.189891437016513,50.451905025637004,18,6,1,1298.164139771379
2025-01-19 19:00:00,30.465090503648486,59.90884750671577,19,6,1,1341.9313109940222
2025-01-19 20:00:00,32.62629371892102,53.337569262163576,20,6,1,1637.8446505064637
2025-01-19 21:00:00,32.53893606565744,54.215521522055894,21,6,1,1640.0780139853136
2025-01-19 22:00:00,29.430513835419863,49.60055285807139,22,6,1,1265.232109868101
2025-01-19 23:00:00,28.42705482705578,54.71326081176976,23,6,1,1189.5939056378495
2025-01-20 00:00:00,28.141579787336113,57.513098898540946,0,0,0,1248.9284875068079
2025-01-20 01:00:00,24.14703167477328,62.862698760582255,1,0,0,986.695997263874
2025-01-20 02:00:00,23.749776045518356,56.2151689168541,2,0,0,999.3431382156747
2025-01-20 03:00:00,21.507322865114176,66.82657533488431,3,0,0,943.4849302970989
2025-01-20 04:00:00,20.226781452125515,57.971063322430595,4,0,0,926.4042545511832
2025-01-20 05:00:00,17.400301562931336,59.10751216848677,5,0,0,1005.6265547895807
2025-01-20 06:00:00,15.380432779914619,68.79725709562535,6,0,0,1035.24347250223
2025-01-20 07:00:00,14.101030691163425,64.00542833299029,7,0,0,1142.0233281842914
2025-01-20 08:00:00,15.009230662788923,60.588208818838126,8,0,0,1097.9097641373621
2025-01-20 09:00:00,16.038200472425775,61.76418728630732,9,0,0,1022.9802705582629
2025-01-20 10:00:00,16.93608386790687,67.43786076300549,10,0,0,1008.6121896594325
2025-01-20 11:00:00,20.72502152498604,66.37480266850831,11,0,0,1007.5295085904683
2025-01-20 12:00:00,21.17728364226521,57.06191382601289,12,0,0,1069.0646090801276
2025-01-20 13:00:00,20.383848943048854,60.47672518246402,13,0,0,1033.3305196754784
2025-01-20 14:00:00,23.7673417413176,59.65369061414326,14,0,0,1048.5777119401812
2025-01-20 15:00:00,24.673331030473708,54.98570714574413,15,0,0,1051.79283295643
2025-01-20 16:00:00,26.508854992728338,57.97371779230868,16,0,0,1247.0973522884406
2025-01-20 17:00:00,28.52222984598074,57.412399503414505,17,0,0,1371.4974770097544
2025-01-20 18:00:00,30.155274765237998,61.29872800965175,18,0,0,1546.407111873529
2025-01-20 19:00:00,29.70446220173911,61.74791523254916,19,0,0,1440.7952394390331
2025-01-20 20:00:00,31.62671343765768,54.83247703150089,20,0,0,1665.2324276566453
2025-01-20 21:00:00,28.741246511029043,56.44768882014514,21,0,0,1372.1399704807955
2025-01-20 22:00:00,29.419876299702246,59.68921868834164,22,0,0,1390.302458150362
2025-01-20 23:00:00,31.417047538597288,53.89242718885304,23,0,0,1589.0691792123612
2025-01-21 00:00:00,27.182400179855815,60.281600535007286,0,1,0,1198.6523679304355
2025-01-21 01:00:00,26.946295212350538,57.669855965582926,1,1,0,1189.512143478524
2025-01-21 02:00:00,23.524528702513336,55.51259420804018,2,1,0,993.9122849987482
2025-01-21 03:00:00,22.299903687383594,56.05269167352798,3,1,0,983.4673217197574
2025-01-21 04:00:00,19.846564655434257,66.6496089219507,4,1,0,924.7599973889307
2025-01-21 05:00:00,18.260467923002608,60.87012691422576,5,1,0,924.4060463061721
2025-01-21 06:00:00,16.41714778614391,68.79455726113568,6,1,0,1064.7391354139622
2025-01-21 07:00:00,17.169585335431073,59.87762082296793,7,1,0,986.4793368246724
2025-01-21 08:00:00,15.392859861682563,63.80767685985295,8,1,0,1064.9232220527704
2025-01-21 09:00:00,17.451925988258125,71.38993649676972,9,1,0,1015.5711656011911
2025-01-21 10:00:00,18.654871067549507,57.10850459432708,10,1,0,1006.7103717977651
2025-01-21 11:00:00,18.90479470908433,53.64682411676716,11,1,0,1002.2676851130243
2025-01-21 12:00:00,19.571206008438654,66.11787812177347,12,1,0,1014.4220501566936
2025-01-21 13:00:00,22.147729868158276,56.6336716311644,13,1,0,1041.5156873729968
2025-01-21 14:00:00,23.04429682204979,59.49945581475515,14,1,0,1072.7974133718556
2025-01-21 15:00:00,26.34909435498131,55.91668941620114,15,1,0,1164.306680053262
2025-01-21 16:00:00,24.717017187647336,59.985844248762334,16,1,0,1176.5521602027018
2025-01-21 17:00:00,27.96172311526894,53.813165925149455,17,1,0,1325.3577242302058
2025-01-21 18:00:00,27.08790792104776,57.24507648004767,18,1,0,1269.269144724
2025-01-21 19:00:00,28.382112276456315,59.24641639564361,19,1,0,1310.1107027723478
2025-01-21 20:00:00,32.05133916448218,51.94622878911008,20,1,0,1696.3076110620086
2025-01-21 21:00:00,31.250407251094984,53.499500980978446,21,1,0,1586.3230518948503
2025-01-21 22:00:00,28.61350603525481,55.96506625150395,22,1,0,1366.8581777098286
2025-01-21 23:00:00,26.561447809762242,52.46015913918999,23,1,0,1149.928043508653
2025-01-22 00:00:00,23.421463566152713,57.74117064234393,0,2,0,1018.9044506842621
2025-01-22 01:00:00,24.63843687776118,59.41981140850714,1,2,0,1027.339071860136
2025-01-22 02:00:00,26.383396186259578,56.648445759142454,2,2,0,1125.9163340029581
2025-01-22 03:00:00,22.189025981601425,58.838883635632534,3,2,0,951.8239989333761
2025-01-22 04:00:00,19.307411428303308,60.99742874505233,4,2,0,972.0191388179492
2025-01-22 05:00:00,19.08724695465723,58.542127368407854,5,2,0,900.7392922445911
2025-01-22 06:00:00,15.54357032147829,65.34682213487619,6,2,0,1018.8717906988461
2025-01-22 07:00:00,16.360629352302052,67.99966075828628,7,2,0,980.4153596887769
2025-01-22 08:00:00,16.59827113918158,60.30316997554558,8,2,0,1005.0107669970204
2025-01-22 09:00:00,16.614096605353957,64.09515428376925,9,2,0,1023.1185013941952
2025-01-22 10:00:00,18.365687691099723,60.49525630182152,10,2,0,970.3107879978895
2025-01-22 11:00:00,18.942724974740127,62.68485939025797,11,2,0,994.5068126620037
2025-01-22 12:00:00,20.78088939329229,66.7507623674961,12,2,0,967.9536062470657
2025-01-22 13:00:00,20.841118117168136,62.498190925205144,13,2,0,998.8676564699518
2025-01-22 14:00:00,24.556276661655353,51.883831180099136,14,2,0,1157.2309604813004
2025-01-22 15:00:00,27.24535582442913,59.71784019601618,15,2,0,1295.5884286588362
2025-01-22 16:00:00,25.814718747980997,63.405567474043636,16,2,0,1193.3544100828212
2025-01-22 17:00:00,27.363410853011054,56.96825097880317,17,2,0,1259.4583411949538
2025-01-22 18:00:00,31.144017201638043,60.324932343816116,18,2,0,1587.4388096306684
2025-01-22 19:00:00,30.0107661715521,54.03523136677137,19,2,0,1467.196450957398
2025-01-22 20:00:00,32.16348384204256,49.99244982509388,20,2,0,1721.9141404152774
2025-01-22 21:00:00,29.70933610131555,57.48094163480434,21,2,0,1464.6670400133175
2025-01-22 22:00:00,31.28713068957862,49.2592408411833,22,2,0,1620.0423848499763
2025-01-22 23:00:00,28.58642862003507,56.406344500411606,23,2,0,1335.0434390784474
2025-01-23 00:00:00,27.352528212961662,63.00635776539735,0,3,0,1194.6137712516909
2025-01-23 01:00:00,27.23204856669596,50.2681289503365,1,3,0,1199.4844289006328
2025-01-23 02:00:00,23.108529052041423,54.43860119552784,2,3,0,975.1082251297328
2025-01-23 03:00:00,20.60157379414683,56.431241501694956,3,3,0,932.1172412876111
2025-01-23 04:00:00,19.5043765753404,60.74496993102,4,3,0,991.0149772215402
2025-01-23 05:00:00,19.13570689744036,59.68285009843902,5,3,0,904.8389759251979
2025-01-23 06:00:00,15.60156491186674,68.15591956203765,6,3,0,1044.66273881041
2025-01-23 07:00:00,17.546137924132296,65.59893814671386,7,3,0,1024.607764294404
2025-01-23 08:00:00,15.896128043833135,64.42264056674114,8,3,0,1023.2350124688535
2025-01-23 09:00:00,18.158548033831227,62.11910204384305,9,3,0,988.2817856746939
2025-01-23 10:00:00,14.607363432602792,64.52997373489819,10,3,0,1130.8285699391872
2025-01-23 11:00:00,17.649027226543595,58.292459688129064,11,3,0,1030.6584266916916
2025-01-23 12:00:00,18.018891843493506,65.02128467682905,12,3,0,996.3314965995424
2025-01-23 13:00:00,20.739444949620037,56.05604500271518,13,3,0,1039.7299727082413
2025-01-23 14:00:00,23.83985270630516,62.60556689308686,14,3,0,1115.135642392439
2025-01-23 15:00:00,25.139314990152368,63.488844012414376,15,3,0,1169.128948657532
2025-01-23 16:00:00,26.73860054223681,58.94801819145762,16,3,0,1226.2312430729899
2025-01-23 17:00:00,28.301379247624183,56.77459606510242,17,3,0,1361.4899158880326
2025-01-23 18:00:00,29.84889734020943,58.46168069715492,18,3,0,1468.7471756586542
2025-01-23 19:00:00,29.093891158666175,45.71637005613084,19,3,0,1401.1114725505377
2025-01-23 20:00:00,31.390873194053288,57.452683596320526,20,3,0,1687.1732999070023
2025-01-23 21:00:00,31.099333573460484,55.90685057925658,21,3,0,1591.3089470964417
2025-01-23 22:00:00,30.06687697665282,56.57073675711091,22,3,0,1438.8424502222852
2025-01-23 23:00:00,29.160241224581778,59.9620335617586,23,3,0,1376.0367786640086
2025-01-24 00:00:00,27.461653557794282,57.51626289062338,0,4,0,1188.6747590757368
2025-01-24 01:00:00,27.859773235818817,53.095263279067844,1,4,0,1217.5969184180774
2025-01-24 02:00:00,23.50143895156088,58.833813736074134,2,4,0,971.433270205751
2025-01-24 03:00:00,21.425718779104752,60.49993442468139,3,4,0,935.7271150097223
2025-01-24 04:00:00,19.201718860395037,61.579048102166034,4,4,0,966.8030065843591
2025-01-24 05:00:00,17.417489283824654,62.480681755610405,5,4,0,994.2946828640468
2025-01-24 06:00:00,16.050407985211532,66.53731298558961,6,4,0,1046.2037226116404
2025-01-24 07:00:00,15.777914396923313,58.144696029094085,7,4,0,1027.1977171395608
2025-01-24 08:00:00,16.521135498841407,62.89434762512284,8,4,0,1023.9870577860396
2025-01-24 09:00:00,17.245625326997672,67.06146866367389,9,4,0,1033.4876223594752
2025-01-24 10:00:00,17.605144600595416,54.819496172013054,10,4,0,1012.9544998270025
2025-01-24 11:00:00,17.737562155602404,62.423561860879246,11,4,0,1028.5732197298555
2025-01-24 12:00:00,21.186173433647845,57.98401661864869,12,4,0,1036.0094332407193
2025-01-24 13:00:00,22.681513847867382,58.24455292296063,13,4,0,1050.6811434868835
2025-01-24 14:00:00,23.41437398791747,55.815020391975324,14,4,0,1090.031305576599
2025-01-24 15:00:00,24.634185898943883,58.26812277762067,15,4,0,1172.8873297255955
2025-01-24 16:00:00,27.76406546181965,65.05939627297975,16,4,0,1319.3879419967207
2025-01-24 17:00:00,28.781267730113047,52.229771463245925,17,4,0,1431.1333699397228
2025-01-24 18:00:00,27.930377072016903,52.94940916127793,18,4,0,1336.0018926656958
2025-01-24 19:00:00,30.28585643366608,51.47791914587955,19,4,0,1489.5792209774677
2025-01-24 20:00:00,30.920394931313147,63.34151517398715,20,4,0,1554.6322935635787
2025-01-24 21:00:00,29.287798997062062,55.235521579090026,21,4,0,1384.7506386573834
2025-01-24 22:00:00,29.895941854719894,56.73906701672135,22,4,0,1431.4319582465127
2025-01-24 23:00:00,26.809912442820377,56.46490325844689,23,4,0,1182.9295433296977
2025-01-25 00:00:00,28.772197730463873,53.513429394202085,0,5,1,1215.5456053616185
2025-01-25 01:00:00,26.97804770823823,57.068178330246965,1,5,1,1084.8706620515416
2025-01-25 02:00:00,23.365753609285708,69.28667297923195,2,5,1,871.8407898603539
2025-01-25 03:00:00,22.293186300138508,65.45100916384162,3,5,1,823.1569601667351
2025-01-25 04:00:00,17.276868051489416,58.47750150823514,4,5,1,796.5476756628285
2025-01-25 05:00:00,17.331409749825035,64.45773251231672,5,5,1,855.193479823097
2025-01-25 06:00:00,17.25406187977564,58.572284157424235,6,5,1,864.8115405351303
2025-01-25 07:00:00,15.62073400071356,55.44623584432969,7,5,1,937.3378202849883
2025-01-25 08:00:00,17.526050189606057,65.8676235948161,8,5,1,931.5995222523441
2025-01-25 09:00:00,19.304049463323384,65.71875160124485,9,5,1,893.525295796537
2025-01-25 10:00:00,16.194658920643036,66.50634543593438,10,5,1,963.34941505208
2025-01-25 11:00:00,17.714070857241204,59.834910660225226,11,5,1,883.3486386185466
2025-01-25 12:00:00,20.451312452421185,59.95237208302358,12,5,1,877.4679256758405
2025-01-25 13:00:00,23.790380472931165,62.282910025460026,13,5,1,964.2456343132662
2025-01-25 14:00:00,22.201925235401383,61.48521405523187,14,5,1,902.2812137166353
2025-01-25 15:00:00,25.779351072935242,56.91370968563773,15,5,1,1076.5407817442672
2025-01-25 16:00:00,29.354333031424996,50.58197950695734,16,5,1,1340.055253941924
2025-01-25 17:00:00,26.636410900939975,58.60093641619206,17,5,1,1080.432614264522
2025-01-25 18:00:00,28.193669188725337,61.838570881454324,18,5,1,1244.4986809630889
2025-01-25 19:00:00,29.921927266719738,52.04087593717547,19,5,1,1363.380970623488
2025-01-25 20:00:00,30.044068315022773,59.3374102006948,20,5,1,1318.4343058347793
2025-01-25 21:00:00,31.405376739777115,57.56401608462392,21,5,1,1494.7379570108112
2025-01-25 22:00:00,30.020943900725346,59.792215492639194,22,5,1,1343.6152008185384
2025-01-25 23:00:00,26.488567407184547,61.69247503600221,23,5,1,1059.4735445149468
2025-01-26 00:00:00,27.8495948536827,54.88230109082551,0,6,1,1116.3999767076355
2025-01-26 01:00:00,24.84978902109259,52.39224679090318,1,6,1,949.6606278766067
2025-01-26 02:00:00,25.260439030531213,56.561746285056,2,6,1,951.8685203922602
2025-01-26 03:00:00,21.166264010759775,63.89000366580412,3,6,1,783.2638764235744
2025-01-26 04:00:00,19.467164030479044,58.8451187737045,4,6,1,778.9008211267899
2025-01-26 05:00:00,19.43071283486133,58.2515415706249,5,6,1,848.840257859907
2025-01-26 06:00:00,18.584436322514975,54.080824103295456,6,6,1,867.7190628800639
2025-01-26 07:00:00,17.50734082290169,68.80765388904308,7,6,1,877.3481785131592
2025-01-26 08:00:00,14.708385589339954,66.21950032996526,8,6,1,1027.0739107762415
2025-01-26 09:00:00,17.615262914092146,64.8334787594622,9,6,1,916.2726983679653
2025-01-26 10:00:00,16.427754881701375,66.09979959443734,10,6,1,953.5491335108529
2025-01-26 11:00:00,19.06368623580181,63.48135895185288,11,6,1,864.2077876517558
2025-01-26 12:00:00,18.522621047722854,60.413636160192745,12,6,1,944.8072922793691
2025-01-26 13:00:00,22.454955631535757,59.16296133089689,13,6,1,939.6573513110376
2025-01-26 14:00:00,22.763183685032878,57.98446906761835,14,6,1,927.2879200294718
2025-01-26 15:00:00,24.003674105606745,69.7374933754173,15,6,1,961.798906988544
2025-01-26 16:00:00,28.087686533980605,59.78857351160553,16,6,1,1228.4217131981861
2025-01-26 17:00:00,28.970823264519655,55.3564689287864,17,6,1,1249.3663848587848
2025-01-26 18:00:00,29.056508035021317,59.039383882656594,18,6,1,1307.8246610933968
2025-01-26 19:00:00,32.233997773050476,51.86292521935454,19,6,1,1594.4481969387484
2025-01-26 20:00:00,30.202319464318034,62.73709908862969,20,6,1,1388.2803088029295
2025-01-26 21:00:00,30.531112362990324,53.943278671575314,21,6,1,1388.4235160670714
2025-01-26 22:00:00,30.11597633390712,58.75795119692702,22,6,1,1340.8768251389665
2025-01-26 23:00:00,27.937250717553223,61.88901023195125,23,6,1,1122.0571493417303
2025-01-27 00:00:00,27.858280919041558,59.19576180920335,0,0,0,1252.8223000875303
2025-01-27 01:00:00,24.964507866081618,59.192076820845905,1,0,0,1113.1600347604365
2025-01-27 02:00:00,23.298951380302192,59.523627787303184,2,0,0,1029.2047193807246
2025-01-27 03:00:00,23.616355219008007,59.12769352484837,3,0,0,1014.9254330638611
2025-01-27 04:00:00,19.04421410394672,58.8755204027113,4,0,0,948.12964727132
2025-01-27 05:00:00,15.947833501540421,60.62293288030501,5,0,0,1053.6950690509238
2025-01-27 06:00:00,19.663863934484844,66.8528159208098,6,0,0,987.9485038240299
2025-01-27 07:00:00,20.090630126066568,60.329601418832745,7,0,0,948.838259333941
2025-01-27 08:00:00,16.306594248422446,59.134177223099925,8,0,0,1047.2795368325371
2025-01-27 09:00:00,14.707230934193941,60.85191723887639,9,0,0,1087.2746143811653
2025-01-27 10:00:00,17.35815876903544,66.25821921517472,10,0,0,1066.961868455658
2025-01-27 11:00:00,18.49970235884701,64.1025455891191,11,0,0,1076.821179950926
2025-01-27 12:00:00,20.065008757734933,63.01531320983506,12,0,0,1023.9654778720873
2025-01-27 13:00:00,20.64511840093778,59.51186784398572,13,0,0,976.4053662785483
2025-01-27 14:00:00,24.488390737933415,61.298093585518416,14,0,0,1146.0424399080568
2025-01-27 15:00:00,26.23405953302259,55.732131686988374,15,0,0,1201.4078384574648
2025-01-27 16:00:00,25.499630623178476,57.56169162534551,16,0,0,1160.9286511192804
2025-01-27 17:00:00,29.581700913301336,60.84653758424644,17,0,0,1494.80783437128
2025-01-27 18:00:00,32.31831717178778,59.36978384696114,18,0,0,1776.6336340323699
2025-01-27 19:00:00,30.76075054990959,52.56806039623295,19,0,0,1568.0339532577082
2025-01-27 20:00:00,30.388127172479436,53.22264331937392,20,0,0,1513.2382346684915
2025-01-27 21:00:00,30.383994293696095,57.0812108937752,21,0,0,1520.5589262326694
2025-01-27 22:00:00,30.59340331381499,63.46716817315204,22,0,0,1518.020687952358
2025-01-27 23:00:00,26.665858908658816,50.4713957786605,23,0,0,1151.7515489082125
2025-01-28 00:00:00,27.551469927184165,58.89274378740835,0,1,0,1226.233502526258
2025-01-28 01:00:00,25.19737765997368,53.21687560971793,1,1,0,1087.5812935346141
2025-01-28 02:00:00,26.07159109915866,55.834039586234354,2,1,0,1121.3652842661384
2025-01-28 03:00:00,21.83346048732781,58.60890213281191,3,1,0,923.4774565786954
2025-01-28 04:00:00,22.355666216954827,58.17570013947051,4,1,0,998.0007535810676
2025-01-28 05:00:00,17.579964777967163,59.6328303301763,5,1,0,912.6362899864213
2025-01-28 06:00:00,18.49673425728368,61.43013453859201,6,1,0,960.6081681922483
2025-01-28 07:00:00,17.476000616137398,59.66857748702273,7,1,0,987.2245037784169
2025-01-28 08:00:00,15.811344386173666,56.625632706113926,8,1,0,1073.771880400587
2025-01-28 09:00:00,17.30559563715225,64.9972401952302,9,1,0,1044.431118651529
2025-01-28 10:00:00,19.247045861318256,64.11267032406822,10,1,0,1036.3254610355257
2025-01-28 11:00:00,18.515903570161655,64.76633581202601,11,1,0,1008.4776485828452
2025-01-28 12:00:00,18.323845904607687,55.3075236531006,12,1,0,1051.988253657634
2025-01-28 13:00:00,22.021392376120822,61.18711565988827,13,1,0,1054.1092769364104
2025-01-28 14:00:00,22.771293369860388,62.39539807528354,14,1,0,1027.037721144575
2025-01-28 15:00:00,25.255125272932393,54.5731416170687,15,1,0,1216.621741764955
2025-01-28 16:00:00,27.256295759989257,57.93417468873282,16,1,0,1254.916415708261
2025-01-28 17:00:00,26.757165892698612,57.63206706167909,17,1,0,1260.2162998848926
2025-01-28 18:00:00,27.97758890291766,64.97756707310599,18,1,0,1340.8576641986574
2025-01-28 19:00:00,31.19416207026551,64.0203193199441,19,1,0,1636.0391033925532
2025-01-28 20:00:00,30.22693864820779,50.05179896739608,20,1,0,1501.8333441456916
2025-01-28 21:00:00,27.5379886574502,67.76051255993188,21,1,0,1284.397969575531
2025-01-28 22:00:00,30.858191754032237,52.79582041377381,22,1,0,1518.982762810722
2025-01-28 23:00:00,29.130792258246323,61.070376274011174,23,1,0,1373.8591698001596
2025-01-29 00:00:00,26.558285571619372,62.05867769480718,0,2,0,1151.7167239413216
2025-01-29 01:00:00,24.14647242291091,55.158650123468405,1,2,0,1014.3954753725908
2025-01-29 02:00:00,24.917904836040357,60.80590924094025,2,2,0,1074.478364030996
2025-01-29 03:00:00,22.522422791818023,59.36089590620853,3,2,0,1002.0912829165416
2025-01-29 04:00:00,23.27405809968404,61.707696778655944,4,2,0,991.8781604759755
2025-01-29 05:00:00,19.469414210627246,61.93492352527161,5,2,0,974.0823080813689
2025-01-29 06:00:00,18.3180013034865,66.25815742008639,6,2,0,977.1913232165133
2025-01-29 07:00:00,16.953141060309395,62.32034174846049,7,2,0,996.3089933576794
2025-01-29 08:00:00,17.895066401104103,60.97047716185311,8,2,0,999.3821050485808
2025-01-29 09:00:00,17.90355681793746,66.02283420505374,9,2,0,1009.9126728152836
2025-01-29 10:00:00,19.35482754425032,63.379652841734284,10,2,0,991.3203317330601
2025-01-29 11:00:00,18.339600389792583,64.39141342136652,11,2,0,1041.105717798831
2025-01-29 12:00:00,19.8924463929304,58.18467475379345,12,2,0,1030.534176954578
2025-01-29 13:00:00,21.528278239651133,56.00763757854565,13,2,0,1002.0295618835933
2025-01-29 14:00:00,24.86389742587794,56.58355245663802,14,2,0,1109.7591626845172
2025-01-29 15:00:00,27.52471800453688,55.30682725546289,15,2,0,1326.0844946803857
2025-01-29 16:00:00,26.864326768683995,61.19906636713806,16,2,0,1244.163353226766
2025-01-29 17:00:00,28.354954355417274,61.3619544590093,17,2,0,1379.3437047561367
2025-01-29 18:00:00,30.354005855597983,56.03787649963121,18,2,0,1569.783468718651
2025-01-29 19:00:00,30.381502344471148,62.37107513750895,19,2,0,1511.039946166828
2025-01-29 20:00:00,32.05739974423102,61.45091767736811,20,2,0,1684.1963581284037
2025-01-29 21:00:00,27.974283395743775,58.58388230730464,21,2,0,1340.751009639032
2025-01-29 22:00:00,28.985067130653952,53.91840606156626,22,2,0,1382.270686011679
2025-01-29 23:00:00,27.925783228015252,63.93119330653606,23,2,0,1263.5911865745563
2025-01-30 00:00:00,24.690674985776536,58.679660601575755,0,3,0,1038.755641358567
2025-01-30 01:00:00,24.630469383114992,59.452473032477904,1,3,0,1041.1409193748036
2025-01-30 02:00:00,22.876914861624797,58.290813952923806,2,3,0,955.783567568463
2025-01-30 03:00:00,21.922043299499666,56.472021375011344,3,3,0,985.2317431263527
2025-01-30 04:00:00,21.810661270632227,54.20117777048594,4,3,0,945.1699155692393
2025-01-30 05:00:00,18.731281950905235,63.83896051386706,5,3,0,989.8782174828996
2025-01-30 06:00:00,16.675947909823453,58.99601662048414,6,3,0,1008.3670479050137
2025-01-30 07:00:00,17.145275967160195,74.18001452912321,7,3,0,988.2079944278958
2025-01-30 08:00:00,18.23411054636953,57.16206145100227,8,3,0,989.9454191158707
2025-01-30 09:00:00,16.042470837278543,57.3534817651631,9,3,0,1009.4644168416058
2025-01-30 10:00:00,16.8202345134431,64.11246105707653,10,3,0,1055.524871291244
2025-01-30 11:00:00,19.69561348346315,67.03900852248393,11,3,0,1014.1532371367397
2025-01-30 12:00:00,20.209258861762947,60.97465508306771,12,3,0,1046.7816492930172
2025-01-30 13:00:00,22.940350513773634,61.91282947523965,13,3,0,1027.5222658742287
2025-01-30 14:00:00,23.958726050485552,51.84231990997094,14,3,0,1141.49799135694
2025-01-30 15:00:00,26.628831894065037,55.43842105960692,15,3,0,1273.9164727882412
2025-01-30 16:00:00,26.23300846379114,54.01233369793328,16,3,0,1255.8376165543937
2025-01-30 17:00:00,28.910348087999818,49.65567736500855,17,3,0,1419.7537962228012
2025-01-30 18:00:00,29.78445200989519,57.354140132137466,18,3,0,1519.5918704026099
2025-01-30 19:00:00,29.27751387573843,48.11768396326289,19,3,0,1398.8499810637857
2025-01-30 20:00:00,29.098928663197484,51.87164467037121,20,3,0,1425.69300065499
2025-01-30 21:00:00,31.55948182699298,54.02743209314913,21,3,0,1631.1072215945771
2025-01-30 22:00:00,29.616137168469407,53.62840178880793,22,3,0,1392.2236350325436
2025-01-30 23:00:00,27.698113330968948,59.30638867644069,23,3,0,1229.517186335245
2025-01-31 00:00:00,27.419269051100418,59.05461314716975,0,4,0,1228.7919891957852
2025-01-31 01:00:00,27.200039719945227,61.49517909576373,1,4,0,1186.6250375993595
2025-01-31 02:00:00,21.297798360962112,63.29041558646587,2,4,0,963.3218724902783
2025-01-31 03:00:00,20.42698403180678,65.19245754472281,3,4,0,901.7147753935157
2025-01-31 04:00:00,19.427220045134096,61.02143838191015,4,4,0,897.9931199208401
2025-01-31 05:00:00,20.83835094716698,61.678527224399886,5,4,0,993.649423646863
2025-01-31 06:00:00,18.3116103284205,63.52141067630857,6,4,0,1001.3184119619422
2025-01-31 07:00:00,18.193983679938412,62.089033317588736,7,4,0,964.9545072469575
2025-01-31 08:00:00,15.666490672456941,60.94462649134893,8,4,0,1080.1666062799452
2025-01-31 09:00:00,15.92975994106031,61.09832588621679,9,4,0,1106.414299005403
2025-01-31 10:00:00,18.509882408984602,58.1258134430863,10,4,0,1030.9057612463305
2025-01-31 11:00:00,19.154865504225125,62.82452111794927,11,4,0,1026.5537510452723
2025-01-31 12:00:00,21.193170358045368,59.94667116044123,12,4,0,1061.775214725788
2025-01-31 13:00:00,21.99774527057663,57.34820688922228,13,4,0,1034.472653208291
2025-01-31 14:00:00,24.36845624715397,56.40363822384004,14,4,0,1131.624234657691
2025-01-31 15:00:00,26.036159993012195,53.54394109166397,15,4,0,1216.7583012665214
2025-01-31 16:00:00,28.468004642310326,61.328163508024666,16,4,0,1383.3349677358333
2025-01-31 17:00:00,29.952841182047614,57.1333342053081,17,4,0,1510.9843664692862
2025-01-31 18:00:00,28.153015208629363,54.087593838255174,18,4,0,1351.0808856899475
2025-01-31 19:00:00,28.099442293022868,60.79441408119893,19,4,0,1335.4687289567348
2025-01-31 20:00:00,32.23677825259023,53.663493459786416,20,4,0,1717.7312672902515
2025-01-31 21:00:00,32.221434671346216,50.28542362341258,21,4,0,1750.4743658847951
2025-01-31 22:00:00,28.872113978483487,61.33604356548314,22,4,0,1341.6545635740727
2025-01-31 23:00:00,26.752628755859497,55.95056053939175,23,4,0,1185.1840453689642
2025-02-01 00:00:00,27.71250421467084,56.079401953296504,0,5,1,1114.791489858743
2025-02-01 01:00:00,27.02240161680048,58.15575943467652,1,5,1,1074.886821518741
2025-02-01 02:00:00,26.250775856383378,62.87004654860711,2,5,1,959.2159777007929
2025-02-01 03:00:00,22.901486200266294,59.71955468335872,3,5,1,881.7089445796373
2025-02-01 04:00:00,20.147602393559364,55.944490537995335,4,5,1,804.0482986735697
2025-02-01 05:00:00,18.072158215254532,63.74664473034691,5,5,1,876.24147924787
2025-02-01 06:00:00,18.045226152975914,59.64195064176273,6,5,1,842.9556420667634
2025-02-01 07:00:00,16.973064000776414,69.5624702858073,7,5,1,890.8030223799826
2025-02-01 08:00:00,15.87558094258762,62.445288734973396,8,5,1,990.5778466178339
2025-02-01 09:00:00,19.790688426474667,51.94358263781547,9,5,1,862.7119041707958
2025-02-01 10:00:00,20.17368668545769,62.15998521443962,10,5,1,911.7795272073566
2025-02-01 11:00:00,20.507173381422884,68.37552181647176,11,5,1,892.8731142973718
2025-02-01 12:00:00,19.488641952091246,67.30822437334506,12,5,1,910.3049421027208
2025-02-01 13:00:00,23.30795230290129,66.80063623386575,13,5,1,960.5811920875948
2025-02-01 14:00:00,24.86121412085968,54.776473610130274,14,5,1,1046.1149787295094
2025-02-01 15:00:00,26.436450494224708,61.87402938621723,15,5,1,1096.3635153225232
2025-02-01 16:00:00,29.09326074991473,54.27471754108726,16,5,1,1291.7881989740783
2025-02-01 17:00:00,29.80585526920156,57.77481548998708,17,5,1,1361.5778002259008
2025-02-01 18:00:00,31.043857339518475,51.29064734923368,18,5,1,1500.5615297730053
2025-02-01 19:00:00,31.619430753532328,53.574404639056205,19,5,1,1547.473050712161
2025-02-01 20:00:00,31.502612119064725,53.49396836291965,20,5,1,1545.8894989615376
2025-02-01 21:00:00,28.714809857828655,60.908297177439,21,5,1,1267.3039386966386
2025-02-01 22:00:00,30.25618554884594,59.900402267140244,22,5,1,1345.376864066321
2025-02-01 23:00:00,28.375979547149086,58.55688709846365,23,5,1,1166.4203038944875
2025-02-02 00:00:00,26.116211536985176,52.95182971298439,0,6,1,977.2280786412942
2025-02-02 01:00:00,27.981933945031834,56.36066868618838,1,6,1,1190.0132320504817
2025-02-02 02:00:00,26.226815095216043,55.32480803014268,2,6,1,1019.649401703793
2025-02-02 03:00:00,23.97135209079029,62.69016219046185,3,6,1,909.5302844043294
2025-02-02 04:00:00,20.95827678638025,65.12942869671664,4,6,1,793.2843383049476
2025-02-02 05:00:00,20.82302336299055,64.69633299892732,5,6,1,831.851065601556
2025-02-02 06:00:00,18.10430667638432,58.53739965177819,6,6,1,867.8374776141491
2025-02-02 07:00:00,17.633896634407055,50.78830885707926,7,6,1,869.2196386295411
2025-02-02 08:00:00,15.83985504159882,55.39621039084025,8,6,1,972.4396547088006
2025-02-02 09:00:00,17.86692946752833,67.3397361253175,9,6,1,951.3059812433409
2025-02-02 10:00:00,18.162305973771428,59.93005785321213,10,6,1,875.2004216630218
2025-02-02 11:00:00,17.639090677646013,58.741465255881145,11,6,1,894.2620968598065
2025-02-02 12:00:00,20.590584151973285,67.13440751295562,12,6,1,879.7460335473698
2025-02-02 13:00:00,22.244611893807384,64.96279502443035,13,6,1,970.7998278336767
2025-02-02 14:00:00,26.30909408612677,58.37415725322844,14,6,1,1133.1778491947155
2025-02-02 15:00:00,27.036809996086937,56.81166363730933,15,6,1,1151.8915608843222
2025-02-02 16:00:00,27.66575521306296,57.20529306352231,16,6,1,1199.0194141660863
2025-02-02 17:00:00,29.40031292622033,57.94852602306173,17,6,1,1319.5179929852893
2025-02-02 18:00:00,30.267253366369303,63.09328777873071,18,6,1,1438.9019339796073
2025-02-02 19:00:00,30.67000468842202,58.2218678215801,19,6,1,1439.0190707254762
2025-02-02 20:00:00,29.853108049287258,59.762872912441665,20,6,1,1346.8329278129524
2025-02-02 21:00:00,30.73223921704836,61.18418474946134,21,6,1,1447.404580161744
2025-02-02 22:00:00,29.318880604661256,52.39374375403782,22,6,1,1274.6678685061888
2025-02-02 23:00:00,27.601389507751254,60.778891766795674,23,6,1,1118.3492701220407
2025-02-03 00:00:00,28.32320743012752,56.29244200930255,0,0,0,1304.0710869394352
2025-02-03 01:00:00,26.490992160308007,48.13922235278574,1,0,0,1182.5802921411696
2025-02-03 02:00:00,22.065692239028785,51.461044936445234,2,0,0,1011.9982329979059
2025-02-03 03:00:00,22.250786371958682,55.82721500514178,3,0,0,989.9783424282406
2025-02-03 04:00:00,21.90458291575039,62.163059748070175,4,0,0,991.7520628427914
2025-02-03 05:00:00,20.53106227104023,61.04277335294509,5,0,0,956.2412130758664
2025-02-03 06:00:00,19.378567637641694,61.78603977364598,6,0,0,952.7079073467256
2025-02-03 07:00:00,17.49495631692875,69.60579140397527,7,0,0,1026.6061811891002
2025-02-03 08:00:00,16.195686859107497,57.24536679691775,8,0,0,1066.9919476016341
2025-02-03 09:00:00,16.14782187581733,62.231137832938174,9,0,0,1040.724869806385
2025-02-03 10:00:00,18.56108931187984,62.59330636650333,10,0,0,1015.4759258296777
2025-02-03 11:00:00,19.715129825602844,57.96885560360552,11,0,0,1021.6120942647964
2025-02-03 12:00:00,22.254538586596556,60.01149154569314,12,0,0,1043.9332124025223
2025-02-03 13:00:00,23.717983517363333,52.91300925671729,13,0,0,1142.9477840078328
2025-02-03 14:00:00,24.05106686483307,64.81919812316688,14,0,0,1133.4812658734677
2025-02-03 15:00:00,24.528427513755084,56.26217078437623,15,0,0,1175.8928843111003
2025-02-03 16:00:00,27.326813336257402,65.99487532461104,16,0,0,1310.6169583893513
2025-02-03 17:00:00,29.420166154748937,56.902036242430604,17,0,0,1475.1684668150917
2025-02-03 18:00:00,30.029419184694262,60.90044658771903,18,0,0,1500.434047964425
2025-02-03 19:00:00,30.27774910700077,56.47568888123507,19,0,0,1539.0644388388366
2025-02-03 20:00:00,31.513203030634358,56.071743458704134,20,0,0,1662.3456693128037
2025-02-03 21:00:00,30.36647274700122,54.317293568311484,21,0,0,1490.754932687694
2025-02-03 22:00:00,29.518239778691104,57.46919980598867,22,0,0,1415.9902699208353
2025-02-03 23:00:00,29.53323212214044,58.258701928800015,23,0,0,1412.9822671300712
2025-02-04 00:00:00,27.284415929009427,54.74919959273551,0,1,0,1234.4123138151788
2025-02-04 01:00:00,26.37146560765614,57.75123609349801,1,1,0,1167.8770843210064
2025-02-04 02:00:00,24.59465185258702,56.52174379473674,2,1,0,1041.8556010653638
2025-02-04 03:00:00,21.087758908136937,69.56355271520458,3,1,0,968.9827783390133
2025-02-04 04:00:00,20.189317676525977,60.36534984974313,4,1,0,950.4932104200523
2025-02-04 05:00:00,21.04239188475839,66.56397185288287,5,1,0,894.8537834386553
2025-02-04 06:00:00,16.810133783392253,61.29345716341234,6,1,0,1008.5645955246969
2025-02-04 07:00:00,14.965340902376354,63.85101420518909,7,1,0,1133.9279341659244
2025-02-04 08:00:00,15.032592841273457,57.501506576909534,8,1,0,1073.0114110071252
2025-02-04 09:00:00,17.540258177032996,59.99560636171534,9,1,0,1036.4970846148208
2025-02-04 10:00:00,18.24172993231264,62.34544671023193,10,1,0,1069.74839598584
2025-02-04 11:00:00,19.175926530348498,67.47364471170008,11,1,0,1008.9928772653813
2025-02-04 12:00:00,22.22383481987867,60.79839718275361,12,1,0,1057.3948223303823
2025-02-04 13:00:00,19.2476723897233,66.63581248888268,13,1,0,1008.3509156057737
2025-02-04 14:00:00,24.74192767448146,61.4661453710191,14,1,0,1193.8736960290212
2025-02-04 15:00:00,27.952266183046405,64.12869888464019,15,1,0,1354.4735550856117
2025-02-04 16:00:00,26.413470107294415,57.998443087862015,16,1,0,1243.7829745850927
2025-02-04 17:00:00,28.76078667932243,66.85657617087824,17,1,0,1448.384497732881
2025-02-04 18:00:00,29.425514550981195,55.08820936795103,18,1,0,1482.9752810162386
2025-02-04 19:00:00,29.95507255389491,53.75212364165136,19,1,0,1485.566147333983
2025-02-04 20:00:00,30.87529261913682,51.60967155358913,20,1,0,1575.7620516081488
2025-02-04 21:00:00,32.741270149609356,65.02759062638853,21,1,0,1813.0210523598653
2025-02-04 22:00:00,32.53384886224057,59.064250745575364,22,1,0,1747.711775275875
2025-02-04 23:00:00,28.813427423422127,55.938146097109914,23,1,0,1303.437141459757
2025-02-05 00:00:00,30.10927335069257,61.75238144721695,0,2,0,1469.7517174120883
2025-02-05 01:00:00,26.1776261819144,61.079718267705374,1,2,0,1108.5094221660856
2025-02-05 02:00:00,26.4276303258565,66.09345775515976,2,2,0,1199.1475876537272
2025-02-05 03:00:00,22.399509398513366,53.64886490963501,3,2,0,985.8868096793545
2025-02-05 04:00:00,20.980470485070576,59.34637137271475,4,2,0,938.3771640856186
2025-02-05 05:00:00,19.81202299268077,59.02510526715639,5,2,0,945.2061971660165
2025-02-05 06:00:00,22.075647682565176,52.07501022133952,6,2,0,945.4464916412472
2025-02-05 07:00:00,18.58326299960547,65.60800361927659,7,2,0,964.09737939106
2025-02-05 08:00:00,16.474483657873446,61.128620313637185,8,2,0,1080.5692438796991
2025-02-05 09:00:00,18.724517754122754,64.26871771829715,9,2,0,1068.691034764413
2025-02-05 10:00:00,17.826824222822925,71.10835804818927,10,2,0,1057.7666260022972
2025-02-05 11:00:00,18.785753406027922,59.8727238702784,11,2,0,1031.0175770662602
2025-02-05 12:00:00,21.913522725685738,58.34997897909709,12,2,0,1041.4567014095933
2025-02-05 13:00:00,22.548770483422942,60.2551484855268,13,2,0,1048.0240483201753
2025-02-05 14:00:00,24.65749219122937,62.88599253544189,14,2,0,1202.0527930808682
2025-02-05 15:00:00,26.1517166757712,56.07246122845092,15,2,0,1226.1975071818038
2025-02-05 16:00:00,28.227100845741724,54.98531327317478,16,2,0,1429.6049477142262
2025-02-05 17:00:00,29.782907639044414,61.1155940253477,17,2,0,1545.4684179060891
2025-02-05 18:00:00,28.061018601059775,59.09014985492823,18,2,0,1304.9508429490081
2025-02-05 19:00:00,31.88456908017012,47.86725931591267,19,2,0,1702.8395699957346
2025-02-05 20:00:00,30.144777790018843,51.840521686116034,20,2,0,1499.774456794221
2025-02-05 21:00:00,29.353922915167388,63.063374289241885,21,2,0,1425.7651059351708
2025-02-05 22:00:00,30.315285427675857,58.2815989612449,22,2,0,1509.679626992464
2025-02-05 23:00:00,29.37372576609838,54.00172596941165,23,2,0,1483.5593115013573
2025-02-06 00:00:00,27.046699350356317,57.29968163091755,0,3,0,1182.7788116958382
2025-02-06 01:00:00,27.18787829276227,57.97779537410177,1,3,0,1220.0855835294556
2025-02-06 02:00:00,22.768296548197966,62.63561482184147,2,3,0,1007.232359143998
2025-02-06 03:00:00,22.078840933598336,54.5354100471255,3,3,0,975.5814408949918
2025-02-06 04:00:00,20.177057785923452,57.36538033094879,4,3,0,960.4451412892457
2025-02-06 05:00:00,19.373254555130014,62.14252119740155,5,3,0,939.673108565032
2025-02-06 06:00:00,18.651366062928666,60.94011525284673,6,3,0,984.2300380767699
2025-02-06 07:00:00,16.40795442427132,64.5242549608383,7,3,0,1060.1810908172533
2025-02-06 08:00:00,18.248045960790527,56.5827520262454,8,3,0,1017.8855167106607
2025-02-06 09:00:00,17.693028805821214,63.1513031827568,9,3,0,1046.9616602842145
2025-02-06 10:00:00,16.046393417377693,66.74777711055881,10,3,0,1130.7974218496513
2025-02-06 11:00:00,17.078849551060788,63.91573436817282,11,3,0,1093.3703807546651
2025-02-06 12:00:00,20.86412359632788,61.01079752051522,12,3,0,1040.7977038816473
2025-02-06 13:00:00,22.302012650781784,59.495660529423404,13,3,0,1037.9915921016552
2025-02-06 14:00:00,24.254802611553494,55.758674344292594,14,3,0,1118.9480233923923
2025-02-06 15:00:00,26.15706111572444,58.04918118395107,15,3,0,1227.0883144526956
2025-02-06 16:00:00,28.14957855525527,62.57899198941952,16,3,0,1378.0090101607575
2025-02-06 17:00:00,30.465833747966844,56.13755247441276,17,3,0,1569.1480328615896
2025-02-06 18:00:00,29.107758693233052,53.59768056531314,18,3,0,1416.2676122939047
2025-02-06 19:00:00,29.734021620385576,54.93740299678422,19,3,0,1458.6583369888954
2025-02-06 20:00:00,30.066918118378194,57.57663394175245,20,3,0,1468.686711791732
2025-02-06 21:00:00,31.48708753246898,54.71110899828902,21,3,0,1645.5079787251998
2025-02-06 22:00:00,31.935021428709863,57.96720456076862,22,3,0,1655.9779134184548
2025-02-06 23:00:00,28.811046890261476,59.36695628689153,23,3,0,1333.8132057375135
2025-02-07 00:00:00,24.931867667468918,62.38318565463102,0,4,0,1074.5326474153615
2025-02-07 01:00:00,24.2008493610457,64.81389814464185,1,4,0,1012.2050583194309
2025-02-07 02:00:00,23.434263413105292,63.409729532247326,2,4,0,1023.3009182571105
2025-02-07 03:00:00,21.9528994997486,56.281883943508724,3,4,0,992.9214526446315
2025-02-07 04:00:00,20.443841127754833,57.00832576259298,4,4,0,946.1171296891756
2025-02-07 05:00:00,19.530457359731773,60.68473115026799,5,4,0,955.3399013274665
2025-02-07 06:00:00,17.997634056982495,59.796244948249345,6,4,0,1007.2908577360549
2025-02-07 07:00:00,18.931634229089113,56.674039400520584,7,4,0,972.0732593969333
2025-02-07 08:00:00,16.622686713642864,60.384158137850875,8,4,0,1033.1456156106565
2025-02-07 09:00:00,16.637645145066372,60.246890207497295,9,4,0,1093.8696209428908
2025-02-07 10:00:00,18.94638030019399,58.534056920877575,10,4,0,1046.3164160130855
2025-02-07 11:00:00,17.64138952824333,60.48028624408265,11,4,0,1071.468535229313
2025-02-07 12:00:00,21.401537526844507,64.95318839053553,12,4,0,1069.5783942293733
2025-02-07 13:00:00,22.74523798521438,60.498856970911206,13,4,0,1030.372880423272
2025-02-07 14:00:00,24.256976492558703,68.98444570719839,14,4,0,1169.2205128077687
2025-02-07 15:00:00,28.151572124757266,58.221403894175694,15,4,0,1386.4082296801894
2025-02-07 16:00:00,27.187258546106843,56.76483348580825,16,4,0,1324.509123782107
2025-02-07 17:00:00,31.856012753395227,56.074126429261376,17,4,0,1747.2761591231222
2025-02-07 18:00:00,30.225567567877857,57.73574088662302,18,4,0,1550.2728321490795
2025-02-07 19:00:00,29.662968530519706,58.67582841647637,19,4,0,1475.92344438945
2025-02-07 20:00:00,31.517810977654296,64.49972091237437,20,4,0,1677.0643626676847
2025-02-07 21:00:00,29.903894024101458,53.457160530449144,21,4,0,1475.5916838102876
2025-02-07 22:00:00,29.59397828957538,60.398592916880794,22,4,0,1463.7488174604366
2025-02-07 23:00:00,29.860094908784927,57.686964426942524,23,4,0,1418.4335041701395
2025-02-08 00:00:00,28.65488550014362,51.053654829660076,0,5,1,1195.0933702506627
2025-02-08 01:00:00,25.553319069176005,61.66146750070865,1,5,1,1034.0186098187078
2025-02-08 02:00:00,25.67307316781915,63.60126497608796,2,5,1,971.4370227427091
2025-02-08 03:00:00,24.065462987671186,55.745109189821804,3,5,1,903.3535981211282
2025-02-08 04:00:00,22.71174910163942,59.67956488777635,4,5,1,844.905173970782
2025-02-08 05:00:00,20.173735614008503,53.82908870636578,5,5,1,845.0442456057824
2025-02-08 06:00:00,20.062123621775235,55.73992471255256,6,5,1,826.7543920053495
2025-02-08 07:00:00,15.469748096171122,66.80421907200056,7,5,1,953.5256988192756
2025-02-08 08:00:00,17.106699135409315,60.09165432180654,8,5,1,930.0943019988453
2025-02-08 09:00:00,16.68629990215188,57.69026813938709,9,5,1,916.1979152609736
2025-02-08 10:00:00,18.569080200625272,62.29020937758361,10,5,1,919.9480364322088
2025-02-08 11:00:00,18.852700462421556,59.16927008930728,11,5,1,927.0857333201571
2025-02-08 12:00:00,20.78879758342379,58.60119433552834,12,5,1,937.4346029080083
2025-02-08 13:00:00,24.935063534290684,61.783278688983344,13,5,1,1038.7449267937113
2025-02-08 14:00:00,24.284523238059016,54.439257269039004,14,5,1,1088.9165045619081
2025-02-08 15:00:00,26.796471090109375,54.45995071322892,15,5,1,1173.0234259502083
2025-02-08 16:00:00,27.709463797854387,58.332534449453725,16,5,1,1217.591213904538
2025-02-08 17:00:00,29.5287904076175,60.86612299994582,17,5,1,1338.1969963145307
2025-02-08 18:00:00,30.557584836777824,61.52960727124827,18,5,1,1452.4590117910457
2025-02-08 19:00:00,31.787656656954738,53.42469045577162,19,5,1,1617.677743226374
2025-02-08 20:00:00,32.88655603642008,59.39488545311056,20,5,1,1748.9748533534873
2025-02-08 21:00:00,33.22654057491094,52.372814596153994,21,5,1,1775.9488536427675
2025-02-08 22:00:00,30.921908918545544,63.736073820208986,22,5,1,1469.2340485510504
2025-02-08 23:00:00,30.145390725312026,52.20675960819628,23,5,1,1326.5747728247554
2025-02-09 00:00:00,26.660691792538028,63.449638526151716,0,6,1,1069.4346238172934
2025-02-09 01:00:00,26.24801042837961,55.67485140137326,1,6,1,994.1883282039951
2025-02-09 02:00:00,25.670076561421016,66.58495519460999,2,6,1,951.0662506254279
2025-02-09 03:00:00,23.769158253943647,61.65761961383247,3,6,1,905.0264324110781
2025-02-09 04:00:00,21.29566088291477,56.2176695292012,4,6,1,853.00940405584
2025-02-09 05:00:00,20.65565448673642,58.4487842871354,5,6,1,862.5649758608662
2025-02-09 06:00:00,19.068471427862224,64.29733624975007,6,6,1,863.2428018533856
2025-02-09 07:00:00,19.220615929448417,65.32233129868288,7,6,1,873.2108588226384
2025-02-09 08:00:00,17.88896019190924,61.36155355633845,8,6,1,866.0167707678684
2025-02-09 09:00:00,17.353410440851988,62.03726894751307,9,6,1,912.4956742979864
2025-02-09 10:00:00,18.882560885389267,64.28038777642055,10,6,1,859.8944832260089
2025-02-09 11:00:00,16.07526848423155,62.89708631435066,11,6,1,928.2158293090313
2025-02-09 12:00:00,21.50119208722277,55.02550372775739,12,6,1,939.0675994649239
2025-02-09 13:00:00,18.351900497585323,58.20734370240515,13,6,1,909.5441423910517
2025-02-09 14:00:00,22.47357311467421,60.751050526736975,14,6,1,969.8385639751175
2025-02-09 15:00:00,26.895584840407537,62.90369572982776,15,6,1,1182.4880789496817
2025-02-09 16:00:00,28.614764408280863,63.81802393333585,16,6,1,1269.21195988076
2025-02-09 17:00:00,28.096562135698623,60.67949282880635,17,6,1,1249.9691938582794
2025-02-09 18:00:00,29.749384579797052,58.049409212226635,18,6,1,1357.6300331208718
2025-02-09 19:00:00,32.947859173921145,58.61611187436145,19,6,1,1680.6975864686217
2025-02-09 20:00:00,30.960893045673497,53.74863938090318,20,6,1,1481.0424233715821
2025-02-09 21:00:00,33.99471436246777,54.589190413980035,21,6,1,1833.1060025785443
2025-02-09 22:00:00,30.601603206240167,53.262835832146024,22,6,1,1405.4654471091128
2025-02-09 23:00:00,29.981120084124065,51.812581523519526,23,6,1,1392.1528326537662
2025-02-10 00:00:00,30.034767522338257,58.12028903760952,0,0,0,1432.1018250674867
2025-02-10 01:00:00,26.563484099289678,58.916659586623105,1,0,0,1186.337562985243
2025-02-10 02:00:00,23.391705467310967,62.193927751111666,2,0,0,991.4862892575795
2025-02-10 03:00:00,22.651111986389132,61.92400252901414,3,0,0,1017.1971555370492
2025-02-10 04:00:00,21.05178536071182,61.34986294101072,4,0,0,975.8617262891299
2025-02-10 05:00:00,18.007080793192216,63.82363434543333,5,0,0,998.5073288259862
2025-02-10 06:00:00,18.225341932039864,61.33913084227415,6,0,0,969.9344351942074
2025-02-10 07:00:00,16.942406947319522,63.6746028019618,7,0,0,1015.8226409819093
2025-02-10 08:00:00,18.70374755276485,58.413923368148616,8,0,0,1031.267205657617
2025-02-10 09:00:00,17.874571709138753,63.128995018901016,9,0,0,1078.2890309864983
2025-02-10 10:00:00,18.192985518671772,64.19647653367534,10,0,0,1050.9972050050112
2025-02-10 11:00:00,19.517352459087004,58.31433330407639,11,0,0,1011.3456463173625
2025-02-10 12:00:00,21.362264666227325,60.462422529480456,12,0,0,1058.3698823741506
2025-02-10 13:00:00,23.522961968050016,56.896405174262554,13,0,0,1168.8681495397984
2025-02-10 14:00:00,23.394863569736668,57.33602778604087,14,0,0,1108.9532961101404
2025-02-10 15:00:00,25.156346400712046,54.23774401930656,15,0,0,1217.8534514551056
2025-02-10 16:00:00,29.42013330262296,62.09504637961704,16,0,0,1470.1443378985855
2025-02-10 17:00:00,29.04946146580008,61.44295611256016,17,0,0,1447.1853881255422
2025-02-10 18:00:00,28.956485559514746,59.36714119310345,18,0,0,1446.8227018576054
2025-02-10 19:00:00,31.88857427942313,63.933354096006006,19,0,0,1736.5674229923957
2025-02-10 20:00:00,32.15056201137915,55.18279240917477,20,0,0,1727.60882632932
2025-02-10 21:00:00,29.519140719455354,69.1193933726604,21,0,0,1429.7839137950261
2025-02-10 22:00:00,30.932074129187328,55.51705268687219,22,0,0,1608.090004471979
2025-02-10 23:00:00,30.42696542335981,57.64998723768014,23,0,0,1549.386224958259
2025-02-11 00:00:00,28.59580221501663,55.77056745823251,0,1,0,1375.3420719535977
2025-02-11 01:00:00,27.21664956920043,59.40264241256105,1,1,0,1268.2015350005356
2025-02-11 02:00:00,22.961415555260213,62.95789348944089,2,1,0,1007.3874875672094
2025-02-11 03:00:00,23.2320533432469,59.05151309048891,3,1,0,1005.1334603488588
2025-02-11 04:00:00,20.783394761604576,67.59352148382865,4,1,0,1001.0469442949199
2025-02-11 05:00:00,19.117442814193705,62.10962001285636,5,1,0,992.2203041527312
2025-02-11 06:00:00,19.629027377781714,62.03033059332811,6,1,0,955.2702922120675
2025-02-11 07:00:00,19.660187101754712,57.29993438124325,7,1,0,964.2883857294104
2025-02-11 08:00:00,19.799782538489545,62.55408328280572,8,1,0,1013.5172320357265
2025-02-11 09:00:00,19.46282713475272,60.47876026286145,9,1,0,1009.7767186472283
2025-02-11 10:00:00,18.45267962852182,58.98596923124212,10,1,0,1035.3072065903923
2025-02-11 11:00:00,20.120055200294892,57.64608028728859,11,1,0,1060.8357723694417
2025-02-11 12:00:00,22.066725919110205,70.66036315138265,12,1,0,1082.2842538597731
2025-02-11 13:00:00,22.98021869641082,58.55400352071953,13,1,0,1125.114342795564
2025-02-11 14:00:00,24.803455498462966,53.05067611748974,14,1,0,1117.178704428974
2025-02-11 15:00:00,27.446775546938177,55.02840394229444,15,1,0,1333.3091180156935
2025-02-11 16:00:00,28.075399297737995,57.363568922999946,16,1,0,1389.719547901285
2025-02-11 17:00:00,28.72114161762655,59.49821148341532,17,1,0,1382.2346353709427
2025-02-11 18:00:00,30.21134862045715,58.93464663871839,18,1,0,1536.5601669284936
2025-02-11 19:00:00,32.16871171027308,58.63897352299687,19,1,0,1740.652768582677
2025-02-11 20:00:00,31.65013042240906,53.56050660448705,20,1,0,1689.0918568456473
2025-02-11 21:00:00,31.816271229234594,57.435253282312345,21,1,0,1737.1032789740598
2025-02-11 22:00:00,31.51281139010281,52.69063758751656,22,1,0,1700.454487104402
2025-02-11 23:00:00,29.146476185797816,54.66283759362482,23,1,0,1375.2563101054968
2025-02-12 00:00:00,29.10527227168755,53.48705519332394,0,2,0,1397.127202275472
2025-02-12 01:00:00,26.964118915199503,53.260797015527125,1,2,0,1220.5017764279614
2025-02-12 02:00:00,23.21599877103801,63.77043844701683,2,2,0,1022.9099268721133
2025-02-12 03:00:00,24.61680690903763,61.7077240403005,3,2,0,1078.5655693350461
2025-02-12 04:00:00,20.596880782823483,64.46790916678313,4,2,0,974.9124808719098
2025-02-12 05:00:00,17.761912595203725,61.8524872260157,5,2,0,1039.067416256245
2025-02-12 06:00:00,17.38154419733715,64.95461311652572,6,2,0,1042.320737961471
2025-02-12 07:00:00,16.71103949849432,55.07042658203209,7,2,0,1018.4683227038756
2025-02-12 08:00:00,17.760382457720823,65.14819708909309,8,2,0,1047.324953445983
2025-02-12 09:00:00,17.60767308465282,62.46541008615899,9,2,0,1065.0252373639935
2025-02-12 10:00:00,18.231398287672,64.01587908552786,10,2,0,1048.8448469651912
2025-02-12 11:00:00,20.491669365604928,62.12342544995248,11,2,0,1064.7786259872332
2025-02-12 12:00:00,21.60562490876303,56.209529418347245,12,2,0,1060.877503610411
2025-02-12 13:00:00,23.26529860438728,53.501721456680905,13,2,0,1107.1155130020895
2025-02-12 14:00:00,25.189568624126213,55.875955885617664,14,2,0,1189.1242605024358
2025-02-12 15:00:00,27.248869392652114,60.1601213680308,15,2,0,1263.3102259696288
2025-02-12 16:00:00,25.668230465198853,61.29307347462204,16,2,0,1206.2601398404095
2025-02-12 17:00:00,29.21019604092026,51.644152474104445,17,2,0,1448.873968317393
2025-02-12 18:00:00,28.14370022443548,53.61812244035295,18,2,0,1334.8463728944164
2025-02-12 19:00:00,31.502527171512615,53.306046387631596,19,2,0,1720.0022388808281
2025-02-12 20:00:00,31.69221490866257,54.69389379546771,20,2,0,1707.400294491758
2025-02-12 21:00:00,32.71389398910288,50.26623908094824,21,2,0,1807.089276652836
2025-02-12 22:00:00,32.1851135730882,50.23774750620419,22,2,0,1716.764452538301
2025-02-12 23:00:00,29.890852001540456,53.5563180137536,23,2,0,1475.2063229462944
2025-02-13 00:00:00,27.64777777601839,58.085904234492666,0,3,0,1287.9957330982597
2025-02-13 01:00:00,27.1421377196672,53.22076755311916,1,3,0,1199.7475296471935
2025-02-13 02:00:00,24.114709904105492,58.69090199847074,2,3,0,1047.3734716786546
2025-02-13 03:00:00,22.934806571445005,63.860288635989264,3,3,0,1028.1176097233365
2025-02-13 04:00:00,22.43157464924759,54.620251190646925,4,3,0,948.0342840165172
2025-02-13 05:00:00,19.129137985401528,60.322561772197226,5,3,0,975.5196971639591
2025-02-13 06:00:00,19.652847609494597,65.03788789120526,6,3,0,971.6817617004513
2025-02-13 07:00:00,18.799611927301953,59.60708166762398,7,3,0,996.0787263262084
2025-02-13 08:00:00,16.60246088833768,59.86433688123125,8,3,0,1048.8620898158204
2025-02-13 09:00:00,19.15540323873207,65.79182196173306,9,3,0,1022.4410471308341
2025-02-13 10:00:00,19.524312856849406,59.765466541374046,10,3,0,1075.8869274067065
2025-02-13 11:00:00,19.920774665436028,65.24967023464787,11,3,0,1028.5515952224594
2025-02-13 12:00:00,20.333422919261487,62.382492396804196,12,3,0,1052.4680763607264
2025-02-13 13:00:00,21.90543053088634,58.66644917600612,13,3,0,1118.1488839997087
2025-02-13 14:00:00,24.103015976611044,61.077555731745704,14,3,0,1123.192396328443
2025-02-13 15:00:00,27.211057740562666,59.197374959159085,15,3,0,1357.7333940710412
2025-02-13 16:00:00,27.101460868012992,62.0429469368047,16,3,0,1301.246675023487
2025-02-13 17:00:00,30.222973235544345,54.517428554322194,17,3,0,1609.8689425409407
2025-02-13 18:00:00,29.320282260731666,57.23671136283381,18,3,0,1487.3355917472786
2025-02-13 19:00:00,31.264809551591526,56.04801346094484,19,3,0,1666.1024562413047
2025-02-13 20:00:00,31.87978837438348,58.864677216805745,20,3,0,1716.5957021333556
2025-02-13 21:00:00,34.443848026988846,50.921744011427755,21,3,0,2028.4761958856816
2025-02-13 22:00:00,29.1576101087613,61.2048641494469,22,3,0,1411.0374265433106
2025-02-13 23:00:00,31.464376016988663,58.079564681886204,23,3,0,1659.5848914219123
2025-02-14 00:00:00,28.477644204991325,52.14124202347168,0,4,0,1331.125727668912
2025-02-14 01:00:00,27.10297292554339,62.79186213170465,1,4,0,1211.0505223840635
2025-02-14 02:00:00,24.939850804272435,67.76043200148196,2,4,0,1079.9150104019573
2025-02-14 03:00:00,23.519772174323222,63.399427008468344,3,4,0,1051.4403462315454
2025-02-14 04:00:00,21.11341118297217,66.06257459571701,4,4,0,1005.0329454618324
2025-02-14 05:00:00,21.592946057649705,60.50430710335047,5,4,0,970.5095117536372
2025-02-14 06:00:00,18.187890108645853,54.87882427758762,6,4,0,982.849437811698
2025-02-14 07:00:00,19.39503401079821,53.66550459101062,7,4,0,1004.8676582800339
2025-02-14 08:00:00,17.02459276395096,63.010491069890655,8,4,0,1087.4739372725344
2025-02-14 09:00:00,17.964050308501566,59.24646464567945,9,4,0,1066.142877897503
2025-02-14 10:00:00,17.449300418967255,58.161974719103696,10,4,0,1029.2328429674462
2025-02-14 11:00:00,20.39411430431778,60.391367542398186,11,4,0,1032.126955880228
2025-02-14 12:00:00,23.03198445651843,62.04954736883778,12,4,0,1068.6529576767343
2025-02-14 13:00:00,22.893272576703918,53.83166078226984,13,4,0,1086.6281648701608
2025-02-14 14:00:00,24.561570469761897,57.1798613309737,14,4,0,1198.2529118232283
2025-02-14 15:00:00,25.272026268242723,64.73067222518418,15,4,0,1157.1099812080004
2025-02-14 16:00:00,28.022682123943817,53.289773629536974,16,4,0,1331.6393284386397
2025-02-14 17:00:00,27.836227664846586,61.14455368272119,17,4,0,1330.4280451649279
2025-02-14 18:00:00,29.764557550635065,54.95525393355,18,4,0,1519.4918932909907
2025-02-14 19:00:00,31.831457347561027,58.2505921003754,19,4,0,1740.7148122636
2025-02-14 20:00:00,33.380649145496264,59.83705037061296,20,4,0,1920.0686296289198
2025-02-14 21:00:00,34.930367125705466,57.7929802176579,21,4,0,2146.258901274618
2025-02-14 22:00:00,30.15610903261258,60.374194795810475,22,4,0,1462.8230877326878
2025-02-14 23:00:00,31.46994096448695,51.6056494805734,23,4,0,1668.831360658136
2025-02-15 00:00:00,28.639129465609074,61.79898704072156,0,5,1,1208.805614631527
2025-02-15 01:00:00,26.476862628749092,54.79848248996109,1,5,1,1066.0750268123486
2025-02-15 02:00:00,25.36573983119848,59.69187112980676,2,5,1,946.3780788287115
2025-02-15 03:00:00,23.109192953825403,60.58930756645874,3,5,1,884.4777225452794
2025-02-15 04:00:00,21.479101359861758,62.14884969153362,4,5,1,856.3849111041443
2025-02-15 05:00:00,19.406879225429265,62.38507501406905,5,5,1,876.487576991731
2025-02-15 06:00:00,17.106717070877405,58.58207325755015,6,5,1,856.7034388339305
2025-02-15 07:00:00,16.232795462077124,56.90741216598629,7,5,1,936.6156808172037
2025-02-15 08:00:00,18.630520349064568,64.83718658022124,8,5,1,858.6008357482116
2025-02-15 09:00:00,17.753105597000765,62.44209607127536,9,5,1,925.9816887576756
2025-02-15 10:00:00,18.06914198304863,66.16985057061181,10,5,1,937.4042342312667
2025-02-15 11:00:00,19.90708577288905,60.65823395409291,11,5,1,941.5085969395814
2025-02-15 12:00:00,22.30054519262585,54.25912448024182,12,5,1,930.3741532831816
2025-02-15 13:00:00,23.25132990504113,63.363986761999975,13,5,1,998.8311907049971
2025-02-15 14:00:00,24.059360565157935,57.694773335292396,14,5,1,1041.8515677492444
2025-02-15 15:00:00,28.129911351623484,58.916049289034696,15,5,1,1214.4337621454604
2025-02-15 16:00:00,30.241649092705053,54.1135026489999,16,5,1,1461.3932730575943
2025-02-15 17:00:00,30.38984194382035,63.22127006340662,17,5,1,1479.1503892597752
2025-02-15 18:00:00,32.07720052923108,52.46286049157478,18,5,1,1629.735861788077
2025-02-15 19:00:00,33.098459269327144,54.210897275844445,19,5,1,1724.191814527981
2025-02-15 20:00:00,33.20274566881251,55.94869654326426,20,5,1,1780.3938717657068
2025-02-15 21:00:00,32.34502628568572,51.493260177377884,21,5,1,1605.6320538377188
2025-02-15 22:00:00,31.62682077210803,57.471349805507174,22,5,1,1533.9574455509987
2025-02-15 23:00:00,30.41996664544874,63.07965525169046,23,5,1,1394.5345924745175
2025-02-16 00:00:00,27.0777709437272,56.00704297973428,0,6,1,1113.1318178700508
2025-02-16 01:00:00,27.547177257132798,59.361700373273784,1,6,1,1108.506506177089
2025-02-16 02:00:00,23.267599387831783,48.49521870071306,2,6,1,873.1132822965351
2025-02-16 03:00:00,22.129323491315937,59.79255380153426,3,6,1,862.4953315250882
2025-02-16 04:00:00,22.958854234553353,58.36428916247384,4,6,1,909.8072424260556
2025-02-16 05:00:00,20.95309288011085,57.14477243831412,5,6,1,908.8969708982481
2025-02-16 06:00:00,20.61727627431561,64.87889136878789,6,6,1,820.0314447622549
2025-02-16 07:00:00,17.807086108735422,60.372190830010524,7,6,1,898.1495749714636
2025-02-16 08:00:00,16.51187754365153,61.48533903416504,8,6,1,911.3599120548851
2025-02-16 09:00:00,17.844570732675763,60.153400207773416,9,6,1,938.1352239768762
2025-02-16 10:00:00,18.954835883381268,53.55080215958719,10,6,1,882.6649347855388
2025-02-16 11:00:00,20.039615144485833,56.256208181897826,11,6,1,893.7617678558821
2025-02-16 12:00:00,22.754992727691693,63.542376853404186,12,6,1,941.839452799088
2025-02-16 13:00:00,22.64931832746187,51.30047008149537,13,6,1,957.3182132420313
2025-02-16 14:00:00,25.317017519347157,55.60793159379831,14,6,1,1076.204254402408
2025-02-16 15:00:00,25.519956889579767,56.99313701900903,15,6,1,1090.8137495230696
2025-02-16 16:00:00,28.934956886836225,64.20050471443177,16,6,1,1321.9848044613386
2025-02-16 17:00:00,29.848053881712243,59.93519350930058,17,6,1,1368.4510314551485
2025-02-16 18:00:00,30.056977973733296,54.54852670229428,18,6,1,1432.1527928131995
2025-02-16 19:00:00,31.3730617025973,61.46883010742329,19,6,1,1543.355624582045
2025-02-16 20:00:00,31.673565257365382,53.16851061504937,20,6,1,1596.9954616296318
2025-02-16 21:00:00,31.33187078200261,60.303650902134976,21,6,1,1499.3183630715255
2025-02-16 22:00:00,33.08236347039594,50.13154562814957,22,6,1,1679.519677657329
2025-02-16 23:00:00,29.726188418720028,61.202555959668615,23,6,1,1326.1361760766165
2025-02-17 00:00:00,28.148992759643136,55.9158683142588,0,0,0,1340.5323420119896
2025-02-17 01:00:00,24.23646025844142,54.99139893285835,1,0,0,1064.4683543373546
2025-02-17 02:00:00,23.86861926948057,58.38397783990252,2,0,0,1038.0151269052947
2025-02-17 03:00:00,22.814246666790673,60.78367805216459,3,0,0,986.5275488721331
2025-02-17 04:00:00,20.61864488044397,58.573548325719564,4,0,0,1018.0651085896046
2025-02-17 05:00:00,21.649969735603463,62.35582612973991,5,0,0,966.3746773644428
2025-02-17 06:00:00,18.68156493488941,58.99539849138797,6,0,0,977.7037743296153
2025-02-17 07:00:00,19.72632040701437,63.39096141291969,7,0,0,1012.1809762576738
2025-02-17 08:00:00,18.015713652716382,63.36260278705984,8,0,0,982.3086915544368
2025-02-17 09:00:00,18.22486071153836,61.26636349655292,9,0,0,1068.3898812694479
2025-02-17 10:00:00,18.77293452810987,59.525296939292254,10,0,0,1055.1339354350873
2025-02-17 11:00:00,19.996476125495864,61.40757273286272,11,0,0,1064.4349162990084
2025-02-17 12:00:00,23.50422209551577,61.59932613392849,12,0,0,1125.3060383029592
2025-02-17 13:00:00,20.346401904036835,68.9086358493117,13,0,0,1052.034583071288
2025-02-17 14:00:00,22.539813198529526,63.54175640778091,14,0,0,1063.7794265421514
2025-02-17 15:00:00,26.10159641030625,62.263321235140864,15,0,0,1240.3510530126434
2025-02-17 16:00:00,28.459101550181025,69.77040815936873,16,0,0,1387.696758558553
2025-02-17 17:00:00,30.719540869878585,58.57601755911994,17,0,0,1634.8080966907175
2025-02-17 18:00:00,31.571550555979982,58.10995382285482,18,0,0,1729.2514672495631
2025-02-17 19:00:00,31.242053780422733,59.119238785117524,19,0,0,1698.1199614109305
2025-02-17 20:00:00,33.164520523746056,51.498327880148565,20,0,0,1893.7426078070969
2025-02-17 21:00:00,32.93938335966269,53.8486401104599,21,0,0,1866.541898918156
2025-02-17 22:00:00,31.224715315872892,54.285436806881506,22,0,0,1617.7118780677533
2025-02-17 23:00:00,31.046604647145983,58.97181405001985,23,0,0,1583.5075139662026
2025-02-18 00:00:00,28.815062666904776,56.57727668435329,0,1,0,1377.8055071022093
2025-02-18 01:00:00,26.125842034364407,58.90255688815145,1,1,0,1150.008655550388
2025-02-18 02:00:00,25.825268557586227,62.81971105755937,2,1,0,1145.9081610875353
2025-02-18 03:00:00,23.308890782162987,62.92904664195136,3,1,0,998.2342400170832
2025-02-18 04:00:00,21.489496166891605,59.55731752107837,4,1,0,962.5935924792986
2025-02-18 05:00:00,21.80568516910788,57.39774554484396,5,1,0,1012.0244196728594
2025-02-18 06:00:00,15.984663970047045,66.94723333859395,6,1,0,1091.2630956212954
2025-02-18 07:00:00,16.525186562571257,65.28549009861096,7,1,0,1034.619807561195
2025-02-18 08:00:00,16.563403839136978,55.74961119116368,8,1,0,1086.1725217916744
2025-02-18 09:00:00,17.790494789680174,60.43118632849481,9,1,0,1033.1946426171803
2025-02-18 10:00:00,18.620180720575917,62.01398955983668,10,1,0,1043.2667457456841
2025-02-18 11:00:00,18.229350105152733,64.62357882642303,11,1,0,1094.3876439638484
2025-02-18 12:00:00,20.30569871201323,64.31812649495379,12,1,0,1071.9436407971154
2025-02-18 13:00:00,22.14314502084029,61.07836599636578,13,1,0,1099.6588031176088
2025-02-18 14:00:00,27.93679726127729,59.96627122092451,14,1,0,1422.1223525766268
2025-02-18 15:00:00,28.961712003800443,57.47186240799243,15,1,0,1443.0039228442126
2025-02-18 16:00:00,27.993789049564644,54.9070776274519,16,1,0,1350.4860645440742
2025-02-18 17:00:00,29.501335870723892,55.95440808754543,17,1,0,1482.7692424228248
2025-02-18 18:00:00,29.67102138065134,57.007556194299895,18,1,0,1502.1927574309648
2025-02-18 19:00:00,29.459612638939376,56.87743794434989,19,1,0,1419.1724215611964
2025-02-18 20:00:00,31.84763212709599,48.51865553138772,20,1,0,1715.9055937733806
2025-02-18 21:00:00,30.551946754916866,54.98928795831553,21,1,0,1550.7268905605235
2025-02-18 22:00:00,30.948245539282883,56.64552439664345,22,1,0,1615.4176739168283
2025-02-18 23:00:00,28.017388800239882,56.46756451228124,23,1,0,1316.864122514178
2025-02-19 00:00:00,27.61885388394194,56.76516326437688,0,2,0,1253.988268457746
2025-02-19 01:00:00,27.023309063995292,59.94264185762024,1,2,0,1234.7580972976423
2025-02-19 02:00:00,25.472674751254974,54.29510135130348,2,2,0,1138.6761195907388
2025-02-19 03:00:00,23.722456268687022,52.798848636720344,3,2,0,1021.4239632288999
2025-02-19 04:00:00,19.948636452925804,59.42786625548298,4,2,0,962.5628259737579
2025-02-19 05:00:00,21.10909864177109,63.412818165298724,5,2,0,931.6870627093601
2025-02-19 06:00:00,18.01079137150096,68.34589560934617,6,2,0,982.3334329513901
2025-02-19 07:00:00,19.03117194741954,64.31604417741114,7,2,0,986.354920530626
2025-02-19 08:00:00,18.020456821972417,55.718762231735646,8,2,0,1033.137259451446
2025-02-19 09:00:00,16.620077450997236,61.22250006209402,9,2,0,1056.922234176397
2025-02-19 10:00:00,18.591608161925755,62.38989425955582,10,2,0,1031.7500991960633
2025-02-19 11:00:00,20.521912256084942,61.30159956526039,11,2,0,1015.3506741973583
2025-02-19 12:00:00,22.268781690483767,62.049705535577985,12,2,0,1082.6378515957585
2025-02-19 13:00:00,23.052304441263303,55.91088243765164,13,2,0,1115.3562782938882
2025-02-19 14:00:00,26.871357902635513,58.31122918914877,14,2,0,1306.9097215263582
2025-02-19 15:00:00,28.053969474815766,59.25970352917821,15,2,0,1385.014596882301
2025-02-19 16:00:00,28.225238294234547,60.812588495520814,16,2,0,1356.709473049563
2025-02-19 17:00:00,30.883116876784413,53.223880582835065,17,2,0,1627.49165661164
2025-02-19 18:00:00,33.41595324263114,54.05299123397595,18,2,0,1932.0023021786121
2025-02-19 19:00:00,34.147285538877355,44.3258150641557,19,2,0,2022.5948391974077
2025-02-19 20:00:00,30.559623376927252,54.090302778918,20,2,0,1579.9960752614998
2025-02-19 21:00:00,30.682864284549144,54.42919471429617,21,2,0,1615.2136890878435
2025-02-19 22:00:00,32.877303604485945,51.570740525535854,22,2,0,1847.2643746205902
2025-02-19 23:00:00,28.713033441214918,57.97723522444464,23,2,0,1342.8917873134933
2025-02-20 00:00:00,26.990609947585735,57.77997429278463,0,3,0,1241.4081716097282
2025-02-20 01:00:00,26.30595966641454,49.24076062312374,1,3,0,1189.5418717886519
2025-02-20 02:00:00,25.581931358905255,59.42925933364492,2,3,0,1107.8157509870823
2025-02-20 03:00:00,23.14304994388479,55.82948349928997,3,3,0,1043.3036183301015
2025-02-20 04:00:00,20.79698296304904,62.423962651542446,4,3,0,975.3756855099947
2025-02-20 05:00:00,19.318856885160507,55.94505225502113,5,3,0,949.5755367682183
2025-02-20 06:00:00,18.16067700374943,61.65575535262399,6,3,0,1019.4447419139526
2025-02-20 07:00:00,17.260766969121544,60.76303989680536,7,3,0,1044.498505044718
2025-02-20 08:00:00,20.815618760267025,61.686160035694506,8,3,0,1010.6583290519656
2025-02-20 09:00:00,18.67319180893494,61.82951238703141,9,3,0,1032.6371426321061
2025-02-20 10:00:00,20.07959234633037,59.74750636138204,10,3,0,1018.0570496634767
2025-02-20 11:00:00,19.54101887748721,54.838503192828135,11,3,0,1062.2625110739039
2025-02-20 12:00:00,21.35451129491249,54.34936362819088,12,3,0,1062.0443416178055
2025-02-20 13:00:00,22.409661214173678,57.500587757961654,13,3,0,1092.6581092558538
2025-02-20 14:00:00,21.895609305632707,60.00863674202857,14,3,0,1089.0019628972293
2025-02-20 15:00:00,25.235781491035958,56.27269561478914,15,3,0,1169.9097967302603
2025-02-20 16:00:00,26.404916891559278,60.73888096569415,16,3,0,1241.055250272437
2025-02-20 17:00:00,27.327666242299653,56.7520498262334,17,3,0,1265.3381356456932
2025-02-20 18:00:00,29.705406364869095,53.05778655493432,18,3,0,1528.673032845913
2025-02-20 19:00:00,33.42908690681718,54.31598006532149,19,3,0,1904.679357491552
2025-02-20 20:00:00,32.02433590629053,56.893704982749995,20,3,0,1748.1647790861373
2025-02-20 21:00:00,33.387816606344636,56.74441223276048,21,3,0,1915.7340321203603
2025-02-20 22:00:00,31.633016226307873,63.66031003744937,22,3,0,1690.8653331761618
2025-02-20 23:00:00,30.966477366699774,53.737771693306414,23,3,0,1560.5466303000499
2025-02-21 00:00:00,27.540107009917612,57.49004254967136,0,4,0,1264.0759415856116
2025-02-21 01:00:00,27.561657865031954,59.47983264126493,1,4,0,1303.6929857866612
2025-02-21 02:00:00,25.995640485172316,58.30805196912782,2,4,0,1196.1079913732124
2025-02-21 03:00:00,22.617473337885023,57.750538080891374,3,4,0,1032.961017142009
2025-02-21 04:00:00,22.292631849022502,53.68591855501403,4,4,0,1012.2612755411028
2025-02-21 05:00:00,20.85086124626707,58.41631726528111,5,4,0,962.3307097881705
2025-02-21 06:00:00,18.399542432435933,57.145373376154424,6,4,0,1023.2559420411808
2025-02-21 07:00:00,17.01238050153443,55.088621074891115,7,4,0,1043.5702429896603
2025-02-21 08:00:00,16.700229406005175,58.93719287091559,8,4,0,1082.8136876210956
2025-02-21 09:00:00,18.46350927056538,57.22622940870803,9,4,0,1022.0882532173875
2025-02-21 10:00:00,19.451417420339208,63.35457921303611,10,4,0,1034.5178492434504
2025-02-21 11:00:00,19.220404939427773,63.516205373886066,11,4,0,1054.4324073223102
2025-02-21 12:00:00,21.65308581387442,56.523248516126735,12,4,0,1075.1114699710076
2025-02-21 13:00:00,23.994094531931637,58.16144766497486,13,4,0,1152.9055267364163
2025-02-21 14:00:00,25.86301226188146,51.02182444679727,14,4,0,1220.8353817934362
2025-02-21 15:00:00,28.795172864147734,55.30457105361013,15,4,0,1416.234566133189
2025-02-21 16:00:00,30.153560402920753,58.33450344164108,16,4,0,1615.7250450600736
2025-02-21 17:00:00,28.86938115328108,60.551999097143984,17,4,0,1509.0081996830768
2025-02-21 18:00:00,33.203664682219795,52.666345800346825,18,4,0,1927.7831867331925
2025-02-21 19:00:00,31.24549238283972,60.50922248897419,19,4,0,1633.8223755284516
2025-02-21 20:00:00,33.37503077922842,49.38722000225474,20,4,0,1898.388581110869
2025-02-21 21:00:00,31.964248139567886,51.02378954759767,21,4,0,1740.0692169265237
2025-02-21 22:00:00,30.688781976625812,59.36313467190118,22,4,0,1605.2833215105697
2025-02-21 23:00:00,27.901694640859017,64.32380705790938,23,4,0,1272.5245000008092
2025-02-22 00:00:00,28.457905214767493,59.390565866827785,0,5,1,1207.3453469260144
2025-02-22 01:00:00,25.104256060378027,58.596928029712736,1,5,1,982.5420290917936
2025-02-22 02:00:00,26.32454171003844,49.489448329895794,2,5,1,1066.4591516318405
2025-02-22 03:00:00,25.172200499876563,50.64133157587546,3,5,1,970.5243200164439
2025-02-22 04:00:00,20.707489439871082,61.034642371635044,4,5,1,812.2844332526633
2025-02-22 05:00:00,20.5764000497444,59.13718930181754,5,5,1,872.3636201835544
2025-02-22 06:00:00,18.231134974126466,57.08420528174094,6,5,1,907.5813467098088
2025-02-22 07:00:00,17.648120166839483,62.00288225658441,7,5,1,899.8172804779757
2025-02-22 08:00:00,19.093176271665556,61.623254961365014,8,5,1,899.9346504315181
2025-02-22 09:00:00,18.356055928791537,65.23524110264448,9,5,1,899.0897514943241
2025-02-22 10:00:00,21.189182450853252,60.8707361517095,10,5,1,894.5968683730475
2025-02-22 11:00:00,19.635356184277775,65.85943499962643,11,5,1,944.9492995066553
2025-02-22 12:00:00,22.862986225996497,59.686781627796655,12,5,1,977.2958518932827
2025-02-22 13:00:00,23.468945406858804,58.95108185802714,13,5,1,1004.5595802919561
2025-02-22 14:00:00,26.11871623872019,62.609762249500655,14,5,1,1159.5209641446488
2025-02-22 15:00:00,26.43892675394882,54.31066577825474,15,5,1,1115.3031301435615
2025-02-22 16:00:00,28.60431202196521,68.61606500427855,16,5,1,1287.335695839663
2025-02-22 17:00:00,29.97493144017422,58.31105733659726,17,5,1,1426.2258060515487
2025-02-22 18:00:00,30.222691915703233,58.2342402450694,18,5,1,1424.6571337267271
2025-02-22 19:00:00,32.71976125254869,57.81247939487091,19,5,1,1734.490679128376
2025-02-22 20:00:00,32.944081433721145,63.130913327838115,20,5,1,1727.656408500022
2025-02-22 21:00:00,32.63752904493727,58.915018028715515,21,5,1,1656.681442498413
2025-02-22 22:00:00,33.070319238219355,49.151648388696564,22,5,1,1727.6495982270555
2025-02-22 23:00:00,31.852743856816506,61.67278399634341,23,5,1,1568.6929797273278
2025-02-23 00:00:00,28.255510724879745,56.13420939226803,0,6,1,1218.2411534559078
2025-02-23 01:00:00,27.464840450537366,58.242684111142346,1,6,1,1137.1582660729412
2025-02-23 02:00:00,24.45712352558885,53.90013470106339,2,6,1,957.0379124385936
2025-02-23 03:00:00,23.421737416318525,61.53611310596817,3,6,1,913.2387350563839
2025-02-23 04:00:00,20.98574501375607,57.80020483422736,4,6,1,850.3639480296883
2025-02-23 05:00:00,22.199781255356132,60.32076604983144,5,6,1,862.7961569930004
2025-02-23 06:00:00,19.579704306619192,59.83172225590919,6,6,1,873.2551822257875
2025-02-23 07:00:00,18.182328614949924,69.22711976096345,7,6,1,883.7508513497231
2025-02-23 08:00:00,19.637786638926357,68.87392654501181,8,6,1,929.927510786428
2025-02-23 09:00:00,15.839225076920735,62.65036265009067,9,6,1,1018.8880197588463
2025-02-23 10:00:00,16.72634341236929,62.3653734805277,10,6,1,979.409480214784
2025-02-23 11:00:00,21.210703270656605,58.8219468263393,11,6,1,936.7484683646661
2025-02-23 12:00:00,21.778006490439548,64.51282256983532,12,6,1,941.5665150755851
2025-02-23 13:00:00,23.694246597293972,58.0066218797489,13,6,1,970.1756013556832
2025-02-23 14:00:00,23.613769028716447,57.66914328993062,14,6,1,996.0009216795908
2025-02-23 15:00:00,26.98929721539591,61.91865256850149,15,6,1,1182.495629351969
2025-02-23 16:00:00,31.109655645180315,54.20294136066128,16,6,1,1555.15803122372
2025-02-23 17:00:00,31.14423136475957,56.19128731630205,17,6,1,1558.823009784847
2025-02-23 18:00:00,31.47127003336115,49.886248860611566,18,6,1,1598.5652013954227
2025-02-23 19:00:00,31.440060444596256,59.040737202654164,19,6,1,1544.3556481283229
2025-02-23 20:00:00,31.731956930455432,63.8706849845453,20,6,1,1567.046296021876
2025-02-23 21:00:00,29.411887669682162,59.9201464233263,21,6,1,1363.482576308028
2025-02-23 22:00:00,31.576790684295172,62.01648039647115,22,6,1,1562.5579847754711
2025-02-23 23:00:00,31.169771551182762,52.94768283481757,23,6,1,1477.380485658573
2025-02-24 00:00:00,26.855413043424704,59.00313191074292,0,0,0,1217.7439268996552
2025-02-24 01:00:00,26.264189280978908,54.52168459013088,1,0,0,1173.67696771034
2025-02-24 02:00:00,23.857198677349334,58.34605834673489,2,0,0,1052.6927141857675
2025-02-24 03:00:00,22.27600148654128,62.978445314793504,3,0,0,1015.7419502678842
2025-02-24 04:00:00,21.810334188215723,60.4831487771269,4,0,0,1061.306363822067
2025-02-24 05:00:00,17.795126181737444,56.03138543690014,5,0,0,1016.8916547182617
2025-02-24 06:00:00,19.92110293556685,55.57144240362224,6,0,0,1013.0810094826389
2025-02-24 07:00:00,19.389301535926386,55.51962365966635,7,0,0,966.5961204952166
2025-02-24 08:00:00,17.94483313038515,63.5878771076043,8,0,0,1027.355958074239
2025-02-24 09:00:00,15.507825240024516,70.85244804661687,9,0,0,1161.7257189288046
2025-02-24 10:00:00,17.988276058335508,67.05452255266665,10,0,0,1071.631366411746
2025-02-24 11:00:00,21.775891088646848,52.505702767957004,11,0,0,957.3328149096999
2025-02-24 12:00:00,18.412563099155154,67.11927851261707,12,0,0,1088.743266481809
2025-02-24 13:00:00,23.017394825679574,63.33864373778676,13,0,0,1158.2778234703756
2025-02-24 14:00:00,23.830155301868732,53.08673809713748,14,0,0,1090.8953037304555
2025-02-24 15:00:00,28.023373913648893,56.37784396769845,15,0,0,1426.9005382765738
2025-02-24 16:00:00,27.936019493457287,62.00768184860032,16,0,0,1309.2364637303874
2025-02-24 17:00:00,30.680648529218008,58.72947463205194,17,0,0,1651.2803266059618
2025-02-24 18:00:00,31.986886565523427,50.76886516423869,18,0,0,1767.126748483553
2025-02-24 19:00:00,34.21110802772894,57.558525412093196,19,0,0,1989.6472124415552
2025-02-24 20:00:00,32.002625903619,47.44894725423005,20,0,0,1758.7316586071147
2025-02-24 21:00:00,32.458890263600054,54.92515519153113,21,0,0,1820.5176894150118
2025-02-24 22:00:00,29.52626748756759,61.54132008257316,22,0,0,1467.353019527897
2025-02-24 23:00:00,31.624399980287773,56.22381687017017,23,0,0,1684.9187930221053
2025-02-25 00:00:00,27.87329559552402,55.65493156194261,0,1,0,1286.4267319108822
2025-02-25 01:00:00,26.424734532022008,61.78749120228059,1,1,0,1141.2297556950077
2025-02-25 02:00:00,25.259208859390604,62.59532371659008,2,1,0,1134.4403935410915
2025-02-25 03:00:00,21.59871168308419,65.40067409823412,3,1,0,1035.881153245731
2025-02-25 04:00:00,22.060430247924383,63.4731976146158,4,1,0,1032.345332096149
2025-02-25 05:00:00,21.497118272413836,64.52665186678306,5,1,0,950.6842686880361
2025-02-25 06:00:00,19.575248974915333,63.901534639784,6,1,0,960.8485898776016
2025-02-25 07:00:00,16.61774835217171,63.21501525559721,7,1,0,1044.276163484309
2025-02-25 08:00:00,18.137335060014067,61.90310197504963,8,1,0,997.2170715983536
2025-02-25 09:00:00,19.41486011276157,60.085017078505764,9,1,0,1034.2578158203694
2025-02-25 10:00:00,16.970141867559498,57.1624700807373,10,1,0,1098.407863086788
2025-02-25 11:00:00,19.04643952832257,57.360178153391736,11,1,0,1021.4157404255096
2025-02-25 12:00:00,22.83775853810748,58.53683865701617,12,1,0,1120.3194368411782
2025-02-25 13:00:00,23.798287418528755,60.24649367099822,13,1,0,1153.2968420069326
2025-02-25 14:00:00,25.78027211176176,64.25114154731234,14,1,0,1222.1302464134417
2025-02-25 15:00:00,29.329033298075277,56.90119776926784,15,1,0,1499.218414230911
2025-02-25 16:00:00,29.3481695474171,61.07463734454382,16,1,0,1453.1636184415177
2025-02-25 17:00:00,31.025119294035303,60.70721490811436,17,1,0,1658.242762190759
2025-02-25 18:00:00,34.600978672362714,54.033821340299745,18,1,0,2116.3771826706375
2025-02-25 19:00:00,31.790821527524542,58.46243223447092,19,1,0,1739.2885381973426
2025-02-25 20:00:00,31.32844689686746,55.29450907435357,20,1,0,1679.7374891944216
2025-02-25 21:00:00,32.560742675129696,61.06424650626203,21,1,0,1811.9282399221506
2025-02-25 22:00:00,31.874873274967403,58.593424043076766,22,1,0,1704.2954181631505
2025-02-25 23:00:00,29.60359521118004,52.19662689677457,23,1,0,1464.2987569550978
2025-02-26 00:00:00,27.58580608199741,58.41177617581643,0,2,0,1300.8817373511656
2025-02-26 01:00:00,29.90822912768897,63.42915699621993,1,2,0,1471.1899518451282
2025-02-26 02:00:00,25.716894669928855,57.78831799384165,2,2,0,1151.5356503584944
2025-02-26 03:00:00,22.63420673206309,61.53717742755504,3,2,0,1010.7328099042497
2025-02-26 04:00:00,22.923798868198748,61.81399580367708,4,2,0,1010.7869238072618
2025-02-26 05:00:00,20.2439608552838,56.55592406122808,5,2,0,1003.877875890783
2025-02-26 06:00:00,18.959046943390764,63.25921301949775,6,2,0,990.690101520584
2025-02-26 07:00:00,19.237929167737146,55.52948772476664,7,2,0,1022.1186091779864
2025-02-26 08:00:00,16.774423783585203,59.58773406096034,8,2,0,1073.7558993175444
2025-02-26 09:00:00,18.98635436614036,65.50835012352061,9,2,0,1030.3140957386875
2025-02-26 10:00:00,21.558050448250267,61.60380498193332,10,2,0,1047.9402525396895
2025-02-26 11:00:00,20.93434823179417,59.20834947629622,11,2,0,1045.6216438249285
2025-02-26 12:00:00,21.373227980923073,62.036552892611525,12,2,0,1030.2445547952016
2025-02-26 13:00:00,22.904422853231694,59.3978618676868,13,2,0,1119.2189956717739
2025-02-26 14:00:00,24.8322745374491,58.91740419442769,14,2,0,1192.6535036660289
2025-02-26 15:00:00,26.83166060752354,60.694609863871136,15,2,0,1324.3107929938772
2025-02-26 16:00:00,28.371314666153303,54.542003170902156,16,2,0,1403.4093529408544
2025-02-26 17:00:00,31.37400370305854,56.411744140995346,17,2,0,1754.341381585448
2025-02-26 18:00:00,29.30700940810352,55.82812345833198,18,2,0,1475.1923401830172
2025-02-26 19:00:00,33.12056334998127,49.20936116160647,19,2,0,1880.154609799644
2025-02-26 20:00:00,31.869058675292155,52.37055350488594,20,2,0,1709.4616180129563
2025-02-26 21:00:00,32.53850063232115,62.05742553532687,21,2,0,1761.0167949433094
2025-02-26 22:00:00,30.034474839713265,58.325103322455625,22,2,0,1548.944008869334
2025-02-26 23:00:00,31.86878725398839,50.758131892799085,23,2,0,1735.9498685648377
2025-02-27 00:00:00,30.35723557474416,50.49568826670869,0,3,0,1540.8228916791097
2025-02-27 01:00:00,28.325715569155648,57.021058171895405,1,3,0,1308.2318108451543
2025-02-27 02:00:00,23.544767891585664,65.62683897607167,2,3,0,1089.623894720655
2025-02-27 03:00:00,24.54568559209953,58.23469322394278,3,3,0,1076.5491203108809
2025-02-27 04:00:00,22.348299727700763,65.08867832253576,4,3,0,1006.3937607889766
2025-02-27 05:00:00,18.486400657673,62.813162820205434,5,3,0,1039.2286424828503
2025-02-27 06:00:00,19.271138935521865,62.97654625717483,6,3,0,1019.6157415662974
2025-02-27 07:00:00,19.03843422535435,55.841744272639986,7,3,0,1070.5457499531628
2025-02-27 08:00:00,19.029763951125695,64.93818610654876,8,3,0,1033.2866027541365
2025-02-27 09:00:00,18.813706478853064,59.93478925936435,9,3,0,1031.2197178017811
2025-02-27 10:00:00,19.6497734962637,64.39246041593815,10,3,0,1030.6583391831896
2025-02-27 11:00:00,22.181059824935797,56.670896142081226,11,3,0,1032.9037918172112
2025-02-27 12:00:00,23.33371431443073,60.174711664267356,12,3,0,1111.8981208937191
2025-02-27 13:00:00,20.110274362280975,62.163902070838134,13,3,0,1097.4778442896215
2025-02-27 14:00:00,24.981547356732694,58.191247791003455,14,3,0,1210.4943225641266
2025-02-27 15:00:00,26.976625705202817,59.6275304902635,15,3,0,1314.91928562041
2025-02-27 16:00:00,26.75995533526555,57.03042956512374,16,3,0,1271.2467997814706
2025-02-27 17:00:00,30.425240760722517,54.03366468354588,17,3,0,1610.5509907112496
2025-02-27 18:00:00,32.92316077592159,62.052669220807225,18,3,0,1913.2783340012923
2025-02-27 19:00:00,30.820072975052682,60.6677822754247,19,3,0,1638.7582659924255
2025-02-27 20:00:00,32.76615474896576,52.65007912022099,20,3,0,1850.306837338118
2025-02-27 21:00:00,31.024966233805664,58.663790728856185,21,3,0,1607.4542763444022
2025-02-27 22:00:00,30.618357020613374,53.58194177295004,22,3,0,1593.9359103573559
2025-02-27 23:00:00,32.08509345184779,51.22722404461159,23,3,0,1650.6163785274978
2025-02-28 00:00:00,28.24819898197592,61.63595817280554,0,4,0,1340.5116447094285
2025-02-28 01:00:00,27.765656668640506,50.877338829954176,1,4,0,1351.1654502499598
2025-02-28 02:00:00,23.153806626836925,63.24590100357139,2,4,0,994.8724030728958
2025-02-28 03:00:00,25.82231612406632,57.46018430008124,3,4,0,1146.8223516162911
2025-02-28 04:00:00,22.62245130167791,58.90483306700673,4,4,0,1021.0692788124841
2025-02-28 05:00:00,20.230521086623963,62.34679644384357,5,4,0,981.8773310351577
2025-02-28 06:00:00,20.027746351618916,63.11369670732944,6,4,0,1027.7339409650258
2025-02-28 07:00:00,16.946004267349263,58.71622558574466,7,4,0,1070.6748037267716
2025-02-28 08:00:00,19.8183052562133,63.74358033251493,8,4,0,1027.6682814099624
2025-02-28 09:00:00,18.249005851490917,61.95387981150453,9,4,0,1070.7046936726665
2025-02-28 10:00:00,19.092207121560918,56.138897979903476,10,4,0,1051.2133264308006
2025-02-28 11:00:00,19.859534159845698,60.17668840174276,11,4,0,1136.2228028322672
2025-02-28 12:00:00,21.202486682815408,65.84412138910955,12,4,0,1075.642254919029
2025-02-28 13:00:00,24.421139784346554,65.73792327924416,13,4,0,1172.7505969731528
2025-02-28 14:00:00,25.706356586235177,61.386851195940636,14,4,0,1192.8291750210844
2025-02-28 15:00:00,27.993099451511405,52.841386266721955,15,4,0,1378.240941233286
2025-02-28 16:00:00,28.888714738727426,59.20694171433258,16,4,0,1492.699821683495
2025-02-28 17:00:00,30.964855607708557,59.81750137235335,17,4,0,1630.5387627994683
2025-02-28 18:00:00,30.958827699891135,59.31930085331844,18,4,0,1600.7921134949697
2025-02-28 19:00:00,34.836427359825045,58.00524621082166,19,4,0,2145.36011035306
2025-02-28 20:00:00,30.517751866393517,58.04595157043272,20,4,0,1619.9830079297708
2025-02-28 21:00:00,33.67387393840917,55.040801069314156,21,4,0,1956.8964394317838
2025-02-28 22:00:00,33.102935133466346,53.12535596299739,22,4,0,1859.8742173151797
2025-02-28 23:00:00,29.326425267257232,49.47768781909112,23,4,0,1388.4493740849725
2025-03-01 00:00:00,31.61018416577038,57.51449340054525,0,5,1,1547.398755542734
2025-03-01 01:00:00,28.44137748835524,58.16766037926666,1,5,1,1229.530381380166
2025-03-01 02:00:00,26.600422641290706,60.39013431478298,2,5,1,1027.4677902027727
2025-03-01 03:00:00,23.656949141816618,53.98704557010178,3,5,1,949.9234099908049
2025-03-01 04:00:00,21.6743844432408,62.71031297996392,4,5,1,891.3749547865742
2025-03-01 05:00:00,20.234017772349848,68.92457326954317,5,5,1,893.0918725854381
2025-03-01 06:00:00,19.841514722195562,61.17719463423342,6,5,1,887.8684017163438
2025-03-01 07:00:00,20.35499857912041,60.41133929152568,7,5,1,900.535217272011
2025-03-01 08:00:00,18.652632894536918,62.574956266528034,8,5,1,917.1246711518402
2025-03-01 09:00:00,17.579842701314984,69.89741101831535,9,5,1,957.7745427954867
2025-03-01 10:00:00,20.362190481474116,56.56053276061079,10,5,1,873.1950355527339
2025-03-01 11:00:00,21.590689260471134,60.976552029387165,11,5,1,903.0864640299772
2025-03-01 12:00:00,22.720647267240558,56.5131114039132,12,5,1,954.5720716280376
2025-03-01 13:00:00,24.517921205215547,56.804812634533796,13,5,1,1040.2826662413142
2025-03-01 14:00:00,25.109942076913843,58.557661937706705,14,5,1,1084.3732629470414
2025-03-01 15:00:00,26.132002148264164,63.73649210714857,15,5,1,1139.8372491726109
2025-03-01 16:00:00,27.893223716334276,64.84667291622124,16,5,1,1279.745630476255
2025-03-01 17:00:00,28.422247403259615,59.22366961720298,17,5,1,1317.5024815452473
2025-03-01 18:00:00,31.78157199344942,54.58099231052629,18,5,1,1597.8030364530223
2025-03-01 19:00:00,32.096398077254776,65.93239623565216,19,5,1,1652.8669254280678
2025-03-01 20:00:00,31.90707058766756,54.326953839614895,20,5,1,1591.6286857364146
2025-03-01 21:00:00,28.649794027912606,55.055538731396005,21,5,1,1261.6852248677726
2025-03-01 22:00:00,30.000452695961283,49.70004674330058,22,5,1,1389.2667925719093
2025-03-01 23:00:00,31.729812083092842,61.69244144374184,23,5,1,1474.0591377145843
2025-03-02 00:00:00,28.17227421884263,61.40407268194813,0,6,1,1257.6559020936404
2025-03-02 01:00:00,27.714268747824242,67.38551464533609,1,6,1,1169.7581135599587
2025-03-02 02:00:00,23.801002902948078,53.721505429948266,2,6,1,912.8626918209446
2025-03-02 03:00:00,25.384538682031817,64.47886775710371,3,6,1,1049.1781925196442
2025-03-02 04:00:00,21.796992226852776,60.361745182723396,4,6,1,867.008827278325
2025-03-02 05:00:00,20.868126426392795,63.677150296643426,5,6,1,872.9253054427817
2025-03-02 06:00:00,22.19858334268534,53.32945809850798,6,6,1,886.4795857210289
2025-03-02 07:00:00,20.528072755602196,66.46109818842031,7,6,1,927.5910806111663
2025-03-02 08:00:00,18.101946673373916,64.70528833597776,8,6,1,911.7520234990075
2025-03-02 09:00:00,17.99648041305048,61.445767695634935,9,6,1,931.9184351042006
2025-03-02 10:00:00,19.016993578603877,63.773653319202936,10,6,1,954.2680829078417
2025-03-02 11:00:00,21.1319558487844,57.28523645631724,11,6,1,950.330545811333
2025-03-02 12:00:00,21.843556457817343,57.74481707454626,12,6,1,952.9314127097086
2025-03-02 13:00:00,23.183799129196576,57.672701893819784,13,6,1,1021.2467201379435
2025-03-02 14:00:00,27.23044291976924,50.496911385331195,14,6,1,1270.3048554363645
2025-03-02 15:00:00,27.144506864502628,61.38923123101242,15,6,1,1208.202059918115
2025-03-02 16:00:00,31.72933233056317,60.874641524504995,16,6,1,1632.4422197133272
2025-03-02 17:00:00,30.528463963726825,53.78323781545391,17,6,1,1493.961237643317
2025-03-02 18:00:00,33.67438531847913,56.72305793638762,18,6,1,1894.6242285913804
2025-03-02 19:00:00,32.66008951019462,54.6738022974052,19,6,1,1703.0316300178124
2025-03-02 20:00:00,33.62537810681773,56.66294460559703,20,6,1,1826.5634792101143
2025-03-02 21:00:00,31.361772941120595,53.744981858707646,21,6,1,1500.6440162029794
2025-03-02 22:00:00,30.507492178304567,53.06330250432763,22,6,1,1404.9509514477554
2025-03-02 23:00:00,30.971220033242204,60.61981153079809,23,6,1,1461.5617780278446
2025-03-03 00:00:00,30.18983071153535,56.46858537488789,0,0,0,1512.5432472632792
2025-03-03 01:00:00,27.36360793869517,65.94299262793584,1,0,0,1304.722828478254
2025-03-03 02:00:00,23.959894818476535,59.401281931785945,2,0,0,1078.6547642584944
2025-03-03 03:00:00,22.059523465312132,56.271878452473175,3,0,0,985.7678372167113
2025-03-03 04:00:00,20.29100313795348,65.59136225056237,4,0,0,973.1065541242202
2025-03-03 05:00:00,18.43267281674388,63.95013152988653,5,0,0,1043.8293438169026
2025-03-03 06:00:00,19.572771425422406,63.87838288461673,6,0,0,1034.9004683009061
2025-03-03 07:00:00,20.092138742603126,65.52554721843043,7,0,0,1016.9771268972797
2025-03-03 08:00:00,18.4874678762672,58.79382767410994,8,0,0,1028.0731653944163
2025-03-03 09:00:00,16.029588327748073,61.879151432959624,9,0,0,1146.3889949408447
2025-03-03 10:00:00,19.212476441684444,60.42921009737505,10,0,0,1028.9437604692641
2025-03-03 11:00:00,20.35846055631201,55.49362962981272,11,0,0,1071.0726198636114
2025-03-03 12:00:00,24.5187653208475,57.93813327102802,12,0,0,1227.5432380722596
2025-03-03 13:00:00,21.943268009355858,65.36821062776495,13,0,0,1098.1533570940542
2025-03-03 14:00:00,25.034753697457937,59.735450936192215,14,0,0,1184.1336885124479
2025-03-03 15:00:00,29.362323352948096,51.67082534744081,15,0,0,1524.9055683092747
2025-03-03 16:00:00,29.54354083019283,50.759226021263125,16,0,0,1516.6166237281411
2025-03-03 17:00:00,31.12928997710251,63.00738824415208,17,0,0,1651.2393251569003
2025-03-03 18:00:00,31.703245971496695,55.7574255703808,18,0,0,1760.6091048011713
2025-03-03 19:00:00,32.660979850989165,53.14596723679786,19,0,0,1877.4041062156439
2025-03-03 20:00:00,33.436698256911214,54.3293536376475,20,0,0,1931.5523597719525
2025-03-03 21:00:00,31.29366402192913,50.37330337395902,21,0,0,1653.267962355116
2025-03-03 22:00:00,32.61941494175788,61.44461462134333,22,0,0,1786.053672114557
2025-03-03 23:00:00,28.805710668620158,55.70550398220782,23,0,0,1387.9566957949794
2025-03-04 00:00:00,29.4303116071713,62.49748146808517,0,1,0,1426.7070488379097
2025-03-04 01:00:00,27.562492511434694,57.98160985321538,1,1,0,1251.3967346230722
2025-03-04 02:00:00,24.796718333942927,64.5994405646966,2,1,0,1150.5318148074844
2025-03-04 03:00:00,23.697314393665035,60.34785223870633,3,1,0,1068.7085554005466
2025-03-04 04:00:00,21.28922185657479,63.69724190884639,4,1,0,1014.8369457081099
2025-03-04 05:00:00,19.30048097923353,63.95617979265994,5,1,0,1023.0436286678454
2025-03-04 06:00:00,19.04975452334601,63.67326245566948,6,1,0,1030.9472769621962
2025-03-04 07:00:00,17.45000289330398,63.21173675140925,7,1,0,1039.7495597063007
2025-03-04 08:00:00,18.923626996685353,60.299146336863515,8,1,0,1041.6382205950745
2025-03-04 09:00:00,17.39468666276714,69.50386410118459,9,1,0,1067.9913065349535
2025-03-04 10:00:00,20.328464640871648,57.04086620326774,10,1,0,1063.5109584869986
2025-03-04 11:00:00,19.16874768995304,61.14973149339142,11,1,0,1073.960515126958
2025-03-04 12:00:00,21.356716141076248,60.31685704439988,12,1,0,1069.601400994331
2025-03-04 13:00:00,22.975012634197594,61.219757959695045,13,1,0,1086.492995955166
2025-03-04 14:00:00,27.126446114423263,56.23153097065269,14,1,0,1335.701249959882
2025-03-04 15:00:00,27.744351290231013,58.961244706265944,15,1,0,1372.4829561572271
2025-03-04 16:00:00,28.782189476720184,56.61175386850006,16,1,0,1412.6798885512876
2025-03-04 17:00:00,31.084480837362953,50.038397595303216,17,1,0,1695.1408165733103
2025-03-04 18:00:00,29.0698170494689,57.21028232523983,18,1,0,1495.0287830460493
2025-03-04 19:00:00,32.24599051622784,51.49934246138825,19,1,0,1862.3204736672637
2025-03-04 20:00:00,34.93328705313917,47.889142128948734,20,1,0,2143.1700507148116
2025-03-04 21:00:00,32.456566631480136,56.36486663016549,21,1,0,1788.6610337184318
2025-03-04 22:00:00,31.679943669267733,58.079555900371176,22,1,0,1669.5484852598443
2025-03-04 23:00:00,31.143771563649924,58.44928354295834,23,1,0,1631.470605788849
2025-03-05 00:00:00,30.142651677815408,59.01162215695261,0,2,0,1516.871194073854
2025-03-05 01:00:00,24.98269867008801,51.076564448202355,1,2,0,1095.9040595811357
2025-03-05 02:00:00,23.54913360768896,53.93627884529454,2,2,0,1048.1275108508094
2025-03-05 03:00:00,24.008541619423923,67.09066909948511,3,2,0,1020.9049051580266
2025-03-05 04:00:00,21.210073511561184,56.12713555506738,4,2,0,1024.0313621459622
2025-03-05 05:00:00,22.192608232196257,62.366320831668254,5,2,0,1004.6166288533301
2025-03-05 06:00:00,19.127538291484854,58.40123419674267,6,2,0,1011.4300284956915
2025-03-05 07:00:00,16.485007718958975,62.52468786948667,7,2,0,1045.0073513550697
2025-03-05 08:00:00,17.046308685625398,59.448459716655464,8,2,0,1059.4280836291812
2025-03-05 09:00:00,15.506833378258028,64.84343126717536,9,2,0,1136.0656842345913
2025-03-05 10:00:00,19.22479691460763,61.65717770342375,10,2,0,1056.0663016132519
2025-03-05 11:00:00,20.392116964815106,58.84999411949702,11,2,0,1076.0593833249495
2025-03-05 12:00:00,21.558570134099917,55.975883467637196,12,2,0,1119.4210463835448
2025-03-05 13:00:00,25.050846916956235,59.850758023187545,13,2,0,1222.6789605250956
2025-03-05 14:00:00,27.006149189658228,53.146665127966344,14,2,0,1348.9328492474474
2025-03-05 15:00:00,27.175192593528507,59.63984713107195,15,2,0,1372.6183062428017
2025-03-05 16:00:00,26.50629298486597,68.70342244220122,16,2,0,1301.5408246847767
2025-03-05 17:00:00,31.258410750734733,61.697315904754156,17,2,0,1702.296029355778
2025-03-05 18:00:00,32.296535486539554,58.75477735296083,18,2,0,1842.1729971040015
2025-03-05 19:00:00,32.70067605405001,55.37730038741541,19,2,0,1883.985187371162
2025-03-05 20:00:00,33.74570108500793,47.546709057982724,20,2,0,2000.2042656848462
2025-03-05 21:00:00,30.93161245410842,51.13820943475589,21,2,0,1588.7675851210215
2025-03-05 22:00:00,34.04060967575143,60.31492755411028,22,2,0,1981.169637844342
2025-03-05 23:00:00,29.366359550373787,53.894431859351364,23,2,0,1438.4423892494356
2025-03-06 00:00:00,29.99759099125,54.00395521084381,0,3,0,1518.0299288356457
2025-03-06 01:00:00,25.385439561030598,57.98322227285168,1,3,0,1137.8651245203196
2025-03-06 02:00:00,24.482205853884913,54.75893262305981,2,3,0,1119.7255243972302
2025-03-06 03:00:00,25.606432538961734,53.650352046208766,3,3,0,1181.404812948439
2025-03-06 04:00:00,21.785443691007956,59.88392623247113,4,3,0,1040.8028124221478
2025-03-06 05:00:00,21.656683136462494,56.571208926726854,5,3,0,1045.0414161340593
2025-03-06 06:00:00,19.820692118580997,57.90764883345202,6,3,0,984.060349985313
2025-03-06 07:00:00,18.71109290738529,58.19079873245786,7,3,0,1040.605079065177
2025-03-06 08:00:00,20.2351438685282,62.7953833079266,8,3,0,1016.7876497865032
2025-03-06 09:00:00,18.553052105003214,60.45027639601729,9,3,0,1012.688315292243
2025-03-06 10:00:00,17.399459923041736,61.12592815920789,10,3,0,1081.3050897303938
2025-03-06 11:00:00,19.684887899961097,63.313828429251096,11,3,0,1098.2461450882397
2025-03-06 12:00:00,22.75995355305101,59.12786014584783,12,3,0,1122.237684213
2025-03-06 13:00:00,24.261401090526338,57.98242448996077,13,3,0,1219.3827955282686
2025-03-06 14:00:00,23.718053578326447,61.1945799909501,14,3,0,1154.3324199214771
2025-03-06 15:00:00,26.541045771036778,60.856373065815816,15,3,0,1355.504178360101
2025-03-06 16:00:00,28.40045785956628,56.85152285813907,16,3,0,1434.249328414995
2025-03-06 17:00:00,30.109707433977736,57.07854812889099,17,3,0,1582.3815263951185
2025-03-06 18:00:00,30.00960499877818,53.66899708155542,18,3,0,1531.2314344519764
2025-03-06 19:00:00,31.605958932889077,52.714884254186266,19,3,0,1753.2135272425787
2025-03-06 20:00:00,31.724190896297543,59.18691364934821,20,3,0,1715.3327116875691
2025-03-06 21:00:00,33.28584417434676,57.265430580439784,21,3,0,1895.3585578559284
2025-03-06 22:00:00,32.63164687828834,57.56853500235097,22,3,0,1847.6697706238028
2025-03-06 23:00:00,30.373298397208227,57.7740980360188,23,3,0,1574.986401526515
2025-03-07 00:00:00,28.657607496165667,57.521770104793546,0,4,0,1403.1863480474149
2025-03-07 01:00:00,27.607697741375127,60.54256846674103,1,4,0,1275.0484858419588
2025-03-07 02:00:00,24.648165122263855,62.681168995185594,2,4,0,1098.9397112676804
2025-03-07 03:00:00,22.44012343689197,63.4688626460058,3,4,0,1020.9720710573345
2025-03-07 04:00:00,20.999789800499684,59.99697241601618,4,4,0,1020.7793084823388
2025-03-07 05:00:00,19.916531986138963,66.38135812517976,5,4,0,1041.3878091110973
2025-03-07 06:00:00,18.169708864968747,62.445959180941784,6,4,0,1037.111883998112
2025-03-07 07:00:00,19.061045938062513,63.70508639503819,7,4,0,1075.3471858010946
2025-03-07 08:00:00,19.503714059750994,62.12686593943912,8,4,0,1056.694722642323
2025-03-07 09:00:00,16.962056506229175,63.003204227445025,9,4,0,1085.0561519291027
2025-03-07 10:00:00,19.596031878178714,58.018579287727235,10,4,0,1077.5455118461186
2025-03-07 11:00:00,20.41438482858511,63.43964942194526,11,4,0,1109.4722745713266
2025-03-07 12:00:00,22.537865673854707,71.16603131008867,12,4,0,1156.1274022644234
2025-03-07 13:00:00,23.800795413768594,57.78050153533223,13,4,0,1181.376328371221
2025-03-07 14:00:00,23.883736115292585,59.53048441558276,14,4,0,1158.1748975440296
2025-03-07 15:00:00,25.924921408299593,56.64521037929111,15,4,0,1251.82279865072
2025-03-07 16:00:00,29.16336354191251,55.18257497698726,16,4,0,1512.5446820238121
2025-03-07 17:00:00,31.812339823210984,62.2528619831903,17,4,0,1811.6287707682043
2025-03-07 18:00:00,29.03320823245001,54.49483263611014,18,4,0,1482.4276593047587
2025-03-07 19:00:00,32.804407930995914,53.78191493413619,19,4,0,1884.419604992392
2025-03-07 20:00:00,34.05560165755571,48.82778804205251,20,4,0,2031.021166087488
2025-03-07 21:00:00,32.20590498378656,52.88719110831639,21,4,0,1767.023728419572
2025-03-07 22:00:00,32.35047607293335,49.026209999013275,22,4,0,1777.798376618474
2025-03-07 23:00:00,29.734119822439016,59.433570867872106,23,4,0,1486.489280741337
2025-03-08 00:00:00,29.01327251360908,68.3934798819056,0,5,1,1320.5960839109248
2025-03-08 01:00:00,25.5231490464892,57.12402520680224,1,5,1,1012.5849229613109
2025-03-08 02:00:00,22.843299982638683,52.99564827498358,2,5,1,905.257939638507
2025-03-08 03:00:00,24.976097598494018,62.409559618321325,3,5,1,966.2046650051064
2025-03-08 04:00:00,20.974518039472002,57.50249294849057,4,5,1,890.2166103509196
2025-03-08 05:00:00,20.160131070431387,65.93333529404161,5,5,1,908.1429980217926
2025-03-08 06:00:00,17.930603422326033,60.49964243990981,6,5,1,944.5167999538404
2025-03-08 07:00:00,17.203067525017207,59.39151023366199,7,5,1,937.0989553836716
2025-03-08 08:00:00,18.447906712627795,60.709007091966136,8,5,1,930.7711393677586
2025-03-08 09:00:00,18.019538535755082,64.62329162944272,9,5,1,931.8869643309813
2025-03-08 10:00:00,20.047899323843904,59.87115774743982,10,5,1,940.5576650973377
2025-03-08 11:00:00,21.249810587211012,58.31317695394077,11,5,1,952.9584059079995
2025-03-08 12:00:00,22.54153152833086,58.988060976752166,12,5,1,979.053839920222
2025-03-08 13:00:00,24.131099586137818,54.06013942754134,13,5,1,1039.5815280326865
2025-03-08 14:00:00,27.549833798659595,59.368192889712084,14,5,1,1249.747965061391
2025-03-08 15:00:00,26.187132745605116,51.17824052637831,15,5,1,1137.0998596202357
2025-03-08 16:00:00,29.090590113297832,55.38727813721881,16,5,1,1356.7724615697068
2025-03-08 17:00:00,31.96548720567067,59.05134595305471,17,5,1,1702.0049694816748
2025-03-08 18:00:00,33.23613755043805,56.71773811155565,18,5,1,1878.6634827903208
2025-03-08 19:00:00,30.711876357551322,58.87653174892503,19,5,1,1468.2382485660962
2025-03-08 20:00:00,32.281685422754286,55.62714314002305,20,5,1,1635.9826848614164
2025-03-08 21:00:00,34.047738051805524,59.859889503219854,21,5,1,1864.4002746879407
2025-03-08 22:00:00,32.32838470547129,59.567442904890655,22,5,1,1647.8775309018001
2025-03-08 23:00:00,30.840575058822896,58.24833399346154,23,5,1,1490.6569892311907
2025-03-09 00:00:00,28.922663518744947,60.9411177017562,0,6,1,1285.6330727801367
2025-03-09 01:00:00,27.03505735573489,60.98767127532035,1,6,1,1119.1467797910138
2025-03-09 02:00:00,26.029748026574925,56.63024673598247,2,6,1,1059.8675096814213
2025-03-09 03:00:00,23.56930288516751,53.99668319916766,3,6,1,911.7627823843917
2025-03-09 04:00:00,22.132790805613205,61.62833218112522,4,6,1,885.5272713547305
2025-03-09 05:00:00,20.828456129898747,62.652974471366214,5,6,1,878.1110937448831
2025-03-09 06:00:00,18.80802149018327,65.63867936848095,6,6,1,851.3249490972021
2025-03-09 07:00:00,19.56095961550079,57.230331053618514,7,6,1,866.165663999449
2025-03-09 08:00:00,22.18097872896504,56.301884271305326,8,6,1,901.4454548744926
2025-03-09 09:00:00,16.79002039965177,63.92359290537037,9,6,1,988.0710859969857
2025-03-09 10:00:00,20.010522353403445,60.511123103226275,10,6,1,934.8141045959632
2025-03-09 11:00:00,19.82190957621802,53.32818972722828,11,6,1,954.0682064762542
2025-03-09 12:00:00,22.876768243889636,61.14972535746091,12,6,1,942.0218714948294
2025-03-09 13:00:00,23.928020803142324,51.81910001878725,13,6,1,992.1992876743183
2025-03-09 14:00:00,26.598110879717492,54.3797294406195,14,6,1,1189.039628854476
2025-03-09 15:00:00,28.90622635839472,62.64423494808254,15,6,1,1281.5221620290486
2025-03-09 16:00:00,29.414790492188356,64.33359987435313,16,6,1,1424.7818232339087
2025-03-09 17:00:00,31.992095365269382,51.1405363800044,17,6,1,1618.2592773582467
2025-03-09 18:00:00,28.932905504811195,55.90927164842474,18,6,1,1356.324704289331
2025-03-09 19:00:00,34.35390869238924,55.22892661535913,19,6,1,1933.9187558136211
2025-03-09 20:00:00,33.133959733137345,62.67132381707133,20,6,1,1803.3315159941938
2025-03-09 21:00:00,33.73877796178423,53.3330130239887,21,6,1,1926.942446689569
2025-03-09 22:00:00,30.282212083547783,54.779579074447774,22,6,1,1363.6383308527202
2025-03-09 23:00:00,29.636708761245966,63.140218729353066,23,6,1,1363.72129677048
2025-03-10 00:00:00,29.385292687290516,55.546726314210765,0,0,0,1399.3306050791168
2025-03-10 01:00:00,27.501454582829478,60.688225002734036,1,0,0,1290.7481196290046
2025-03-10 02:00:00,26.049849039928773,52.47148852357878,2,0,0,1174.0228285315868
2025-03-10 03:00:00,25.1998516117151,58.035128378944655,3,0,0,1135.136113753798
2025-03-10 04:00:00,20.091902355953366,54.12485170431304,4,0,0,977.4703817561438
2025-03-10 05:00:00,21.929002152071725,55.806664015348495,5,0,0,1044.634484812539
2025-03-10 06:00:00,19.65792719977523,64.29363454069896,6,0,0,979.5363676868784
2025-03-10 07:00:00,18.704147716943854,61.11871934887561,7,0,0,1065.0056849945813
2025-03-10 08:00:00,16.944828453054917,60.74564565656614,8,0,0,1073.4743244696997
2025-03-10 09:00:00,19.55234435234555,57.98406376313811,9,0,0,1014.7171970941358
2025-03-10 10:00:00,16.75105948658847,61.21695191239948,10,0,0,1152.6651210671941
2025-03-10 11:00:00,21.538492079497413,61.38905583660381,11,0,0,1080.1182694555398
2025-03-10 12:00:00,20.419639731749196,64.56380893314737,12,0,0,1126.539606281191
2025-03-10 13:00:00,23.96258291374011,48.71438009811675,13,0,0,1192.519888553369
2025-03-10 14:00:00,25.56716412952328,55.24608965113944,14,0,0,1221.1307974516203
2025-03-10 15:00:00,28.925345826787094,57.86624663804119,15,0,0,1481.9027598543817
2025-03-10 16:00:00,28.995780531500117,56.80623532355081,16,0,0,1489.9549254842802
2025-03-10 17:00:00,29.82694792924782,58.48272579840778,17,0,0,1597.1265086213364
2025-03-10 18:00:00,31.16442132564241,57.404392614249254,18,0,0,1701.750489621445
2025-03-10 19:00:00,33.99910684084586,53.980885811688026,19,0,0,2041.5761258230027
2025-03-10 20:00:00,33.353723097333855,53.351097977117746,20,0,0,1932.5509957836148
2025-03-10 21:00:00,32.008891540512465,55.01443742485301,21,0,0,1754.1057295914054
2025-03-10 22:00:00,31.488608856850444,60.79952585655079,22,0,0,1715.7377653241344
2025-03-10 23:00:00,28.779301693920083,54.36024759080911,23,0,0,1398.813365166063
2025-03-11 00:00:00,29.701517956313552,56.66816592489876,0,1,0,1466.172351192529
2025-03-11 01:00:00,25.43530338177479,59.35924750328377,1,1,0,1133.6536783048161
2025-03-11 02:00:00,26.63750467429425,64.38640184978013,2,1,0,1203.9609291544305
2025-03-11 03:00:00,24.077961510563576,57.96758236282932,3,1,0,1046.1296731832879
2025-03-11 04:00:00,25.09969107478041,62.595350194131676,4,1,0,1112.8291219352095
2025-03-11 05:00:00,19.465438782516703,65.9417421000534,5,1,0,1046.73894683228
2025-03-11 06:00:00,19.54997657955187,60.72499230821666,6,1,0,1012.3418194166375
2025-03-11 07:00:00,21.1318133723759,59.50439873474259,7,1,0,1050.9178378911465
2025-03-11 08:00:00,20.1650164836414,59.417778718350576,8,1,0,976.5364063836822
2025-03-11 09:00:00,18.138413669372344,60.52134199528073,9,1,0,1081.65173809407
2025-03-11 10:00:00,19.94193200284877,64.24018664116782,10,1,0,1057.330620940677
2025-03-11 11:00:00,20.78800067468398,61.40883963914847,11,1,0,1062.3697220298325
2025-03-11 12:00:00,22.57369595616469,60.7116804542136,12,1,0,1116.9457237104443
2025-03-11 13:00:00,23.08519907639226,55.06502632792376,13,1,0,1120.0062548419635
2025-03-11 14:00:00,25.62816443205082,54.67877391767873,14,1,0,1192.7361101230242
2025-03-11 15:00:00,25.62941938067729,67.12201954683701,15,1,0,1268.5604764892912
2025-03-11 16:00:00,29.3974970575334,56.32969827583188,16,1,0,1531.2827848067536
2025-03-11 17:00:00,31.22512119170373,53.21086354100507,17,1,0,1699.626518977616
2025-03-11 18:00:00,31.52462344661011,61.91454728371314,18,1,0,1708.8550736371342
2025-03-11 19:00:00,30.558768630613432,57.70372674248883,19,1,0,1579.3193365631532
2025-03-11 20:00:00,33.92158715071346,57.543984807172706,20,1,0,2021.9225952141817
2025-03-11 21:00:00,32.93425974490654,55.07410780091125,21,1,0,1912.447625981191
2025-03-11 22:00:00,30.926308624541605,55.154784187876146,22,1,0,1626.516509469047
2025-03-11 23:00:00,30.34837584739186,55.982304171054096,23,1,0,1515.5493643770772
2025-03-12 00:00:00,27.458620948429378,52.28559893943374,0,2,0,1290.5670310325156
2025-03-12 01:00:00,26.340665394151742,57.912024204659716,1,2,0,1201.0743082354911
2025-03-12 02:00:00,25.114050616139014,59.93851206171486,2,2,0,1151.2253265711554
2025-03-12 03:00:00,25.421795890786118,66.03313457906057,3,2,0,1161.5148564213825
2025-03-12 04:00:00,21.492020162702612,60.547188194939814,4,2,0,939.3732677324
2025-03-12 05:00:00,21.577933154656257,50.83211856929628,5,2,0,1035.2640326815604
2025-03-12 06:00:00,19.051266961842614,60.80355148412447,6,2,0,997.2416330901161
2025-03-12 07:00:00,19.295480520766354,72.03982432412668,7,2,0,995.1750094778762
2025-03-12 08:00:00,18.58974962919502,64.82956508826216,8,2,0,1044.935313317471
2025-03-12 09:00:00,20.045611367855393,57.53819967762349,9,2,0,1061.7350676513588
2025-03-12 10:00:00,19.055472799414243,63.54223693795653,10,2,0,1026.1238228976958
2025-03-12 11:00:00,18.922642863458822,58.26288915505751,11,2,0,1096.052850613499
2025-03-12 12:00:00,20.60108539413122,55.14433576416008,12,2,0,1101.526110747699
2025-03-12 13:00:00,23.309437923318626,58.08274737773626,13,2,0,1142.0798721345868
2025-03-12 14:00:00,24.26055226695392,59.461884850173874,14,2,0,1157.8566969939743
2025-03-12 15:00:00,28.06341196630069,50.08601320374614,15,2,0,1388.9950286321368
2025-03-12 16:00:00,28.70050243393789,52.7231618642703,16,2,0,1489.1185582488015
2025-03-12 17:00:00,33.55869956010513,55.41786242868737,17,2,0,1960.2034040509052
2025-03-12 18:00:00,29.736344544094095,55.272769478406545,18,2,0,1570.8527178383972
2025-03-12 19:00:00,32.76526483024282,57.27313915248724,19,2,0,1870.5917023478064
2025-03-12 20:00:00,31.405880603560778,51.37897444934144,20,2,0,1696.680983688474
2025-03-12 21:00:00,31.928823407331844,58.88492563128047,21,2,0,1705.7521239164112
2025-03-12 22:00:00,31.991305426267306,51.2684414412523,22,2,0,1741.1393110369802
2025-03-12 23:00:00,27.918726050224272,64.20344678766081,23,2,0,1344.8786912309647
2025-03-13 00:00:00,29.566576889854204,50.11033610654505,0,3,0,1432.3046462491668
2025-03-13 01:00:00,29.87760782015522,52.47873979040426,1,3,0,1503.0232229171415
2025-03-13 02:00:00,25.23825959166626,60.37417937546081,2,3,0,1139.6127423907299
2025-03-13 03:00:00,24.282421662157535,65.74396434112754,3,3,0,1076.3029105993319
2025-03-13 04:00:00,23.51229158145905,60.655255511881066,4,3,0,1087.2699490870116
2025-03-13 05:00:00,20.635893881370343,62.79707412818143,5,3,0,957.482949188585
2025-03-13 06:00:00,19.02305549697972,61.260925407900345,6,3,0,1032.6012188709578
2025-03-13 07:00:00,16.29002108121899,58.17839775105163,7,3,0,1138.8760372750214
2025-03-13 08:00:00,19.55157441298254,59.01881684184947,8,3,0,1078.041074951204
2025-03-13 09:00:00,18.885102674010415,56.39832005047073,9,3,0,1068.744487095373
2025-03-13 10:00:00,18.50498710155171,56.28316528827183,10,3,0,1067.6487793241934
2025-03-13 11:00:00,20.984554133735973,62.0131740237846,11,3,0,1062.9205693895672
2025-03-13 12:00:00,21.581969121541153,55.674500423031695,12,3,0,1086.9100588673227
2025-03-13 13:00:00,23.336540876652293,60.74359967623253,13,3,0,1156.7352275946034
2025-03-13 14:00:00,26.50993493703902,52.988735016300005,14,3,0,1281.8348798415361
2025-03-13 15:00:00,25.988059971837604,59.59030809173198,15,3,0,1287.9402735315375
2025-03-13 16:00:00,30.53916389299708,54.62960416694931,16,3,0,1695.009383615046
2025-03-13 17:00:00,29.054909622272316,62.80449828569365,17,3,0,1488.536113769937
2025-03-13 18:00:00,31.049321686173325,57.67514690784693,18,3,0,1648.4205603551777
2025-03-13 19:00:00,34.85140176661194,59.80257086533179,19,3,0,2130.4977548068036
2025-03-13 20:00:00,34.13521126367948,52.12332862882744,20,3,0,2068.3753615063674
2025-03-13 21:00:00,32.66099112472658,55.96017691108604,21,3,0,1838.3139548664149
2025-03-13 22:00:00,30.715927117598184,52.58928052049561,22,3,0,1623.2603909132338
2025-03-13 23:00:00,30.097006249974534,55.10677652903251,23,3,0,1513.7487127725137
2025-03-14 00:00:00,29.39215644268345,55.994720531948104,0,4,0,1471.2804843088968
2025-03-14 01:00:00,27.660987259705777,54.832172213369134,1,4,0,1293.5517455257118
2025-03-14 02:00:00,25.69518094962946,53.659916184765436,2,4,0,1145.3873980655453
2025-03-14 03:00:00,23.955493732561948,53.56373321236461,3,4,0,1070.2397667573796
2025-03-14 04:00:00,22.046975933534476,50.622217163756616,4,4,0,996.5803055387502
2025-03-14 05:00:00,19.124104114106764,56.924972500343465,5,4,0,1065.4214711535874
2025-03-14 06:00:00,19.12223534809654,63.66108144744876,6,4,0,1021.9388568273472
2025-03-14 07:00:00,20.14029414594135,54.34988821357033,7,4,0,1047.1156557913696
2025-03-14 08:00:00,17.162224908119274,56.46261865173907,8,4,0,1069.2141288801472
2025-03-14 09:00:00,18.81527866731,68.43748281800765,9,4,0,1034.8379173787703
2025-03-14 10:00:00,18.758343524164534,58.75067839094117,10,4,0,1067.210973044999
2025-03-14 11:00:00,20.98809911215252,61.68894439179833,11,4,0,1107.714362606834
2025-03-14 12:00:00,21.837866247900433,62.6341220868418,12,4,0,1087.1744900515123
2025-03-14 13:00:00,25.765365147432572,61.14395846015209,13,4,0,1233.2453492899092
2025-03-14 14:00:00,26.41212585020892,52.14589273748419,14,4,0,1300.917057162627
2025-03-14 15:00:00,26.04179558196561,57.4590430476158,15,4,0,1286.0463521410945
2025-03-14 16:00:00,30.109699679117053,50.28321105027961,16,4,0,1639.7457859819185
2025-03-14 17:00:00,29.824391305971968,66.6555149132525,17,4,0,1572.8972888373194
2025-03-14 18:00:00,31.174008246018644,49.95089564553014,18,4,0,1713.3189510914997
2025-03-14 19:00:00,32.94228967333264,51.43172325518766,19,4,0,1918.1258430665591
2025-03-14 20:00:00,32.21412916150445,51.7519449160322,20,4,0,1768.3735575937692
2025-03-14 21:00:00,33.63713382879164,49.35850456159182,21,4,0,1945.411872501724
2025-03-14 22:00:00,30.936991817855613,61.83557891188394,22,4,0,1599.5096423455097
2025-03-14 23:00:00,30.01123767037681,66.48529653618326,23,4,0,1486.496598416137
2025-03-15 00:00:00,28.53729423410989,55.48208582910558,0,5,1,1265.0992943749857
2025-03-15 01:00:00,26.95790612405922,52.73514496299867,1,5,1,1124.7030872459775
2025-03-15 02:00:00,27.143969173024995,48.99471033588591,2,5,1,1130.0273994096715
2025-03-15 03:00:00,24.76776154298234,57.91646050871866,3,5,1,922.2088640576009
2025-03-15 04:00:00,24.376872051182108,57.78378948688138,4,5,1,1024.0620291927412
2025-03-15 05:00:00,23.596364882740893,56.75626954146307,5,5,1,925.4978668228403
2025-03-15 06:00:00,18.525901041557745,62.27514059928182,6,5,1,953.9901567437261
2025-03-15 07:00:00,19.147961475136892,62.72150798120718,7,5,1,869.637153463555
2025-03-15 08:00:00,17.4134989263955,63.1269334611934,8,5,1,926.8448807994926
2025-03-15 09:00:00,18.130331409046224,60.28336794850756,9,5,1,887.8593092880627
2025-03-15 10:00:00,19.00666246756975,56.79084769467505,10,5,1,950.6701043664631
2025-03-15 11:00:00,19.60660598909586,63.62068999558852,11,5,1,919.8791746171623
2025-03-15 12:00:00,21.062674578889524,60.42498520613031,12,5,1,933.4593564644385
2025-03-15 13:00:00,23.84006473642567,62.81740420476833,13,5,1,999.5630535655292
2025-03-15 14:00:00,24.364877204303934,62.21435131616735,14,5,1,1077.4822539737145
2025-03-15 15:00:00,28.647224973050427,51.654061734591366,15,5,1,1354.0473587169745
2025-03-15 16:00:00,28.223635061466606,51.773657145582945,16,5,1,1342.4201100519715
2025-03-15 17:00:00,34.146169538789124,52.119369309522234,17,5,1,1936.222052690917
2025-03-15 18:00:00,31.34545579170142,52.03675605015676,18,5,1,1593.3281035043779
2025-03-15 19:00:00,32.67284126069156,58.75187059962778,19,5,1,1704.7347512628676
2025-03-15 20:00:00,31.270529885008383,57.69702674994832,20,5,1,1549.3563810516662
2025-03-15 21:00:00,34.63373020014427,59.34324389508353,21,5,1,1968.7311948658346
2025-03-15 22:00:00,33.23051794982219,57.0937400897148,22,5,1,1786.696325409865
2025-03-15 23:00:00,31.13098581955679,57.182203999670755,23,5,1,1534.929566484092
2025-03-16 00:00:00,27.728356076953727,62.507576690595194,0,6,1,1205.5338897393171
2025-03-16 01:00:00,27.909052704476395,59.51528827714964,1,6,1,1168.4187643069624
2025-03-16 02:00:00,24.4988018802685,59.27288310164347,2,6,1,1000.3502604150361
2025-03-16 03:00:00,25.78761213593959,64.4067672813469,3,6,1,1041.083119944828
2025-03-16 04:00:00,23.315552813713012,59.934502407125954,4,6,1,925.0735437735522
2025-03-16 05:00:00,21.009298513368655,59.17891817498085,5,6,1,871.9000462557833
2025-03-16 06:00:00,16.858690513101344,58.70523075964886,6,6,1,928.5046816554039
2025-03-16 07:00:00,17.902939177074888,64.45092616535169,7,6,1,969.1184597739219
2025-03-16 08:00:00,19.66983249340905,65.88026917000626,8,6,1,923.2692437222088
2025-03-16 09:00:00,20.538498781533512,60.38225088165287,9,6,1,932.6013924300995
2025-03-16 10:00:00,21.11334508278869,65.58632446200387,10,6,1,937.6588485078436
2025-03-16 11:00:00,18.98435606449363,53.32619744631624,11,6,1,1014.2778801061679
2025-03-16 12:00:00,22.70638190366469,59.49563373930247,12,6,1,1025.2197021805823
2025-03-16 13:00:00,25.251404079551072,58.539058719761826,13,6,1,1081.3390451620437
2025-03-16 14:00:00,23.85451645679051,56.35021592765441,14,6,1,1031.5676724759319
2025-03-16 15:00:00,27.646767032758966,67.2767373388239,15,6,1,1250.7313363404207
2025-03-16 16:00:00,29.67313001345935,56.66597746386122,16,6,1,1431.8063663007893
2025-03-16 17:00:00,30.43334910197895,54.99573727279069,17,6,1,1480.8713236231501
2025-03-16 18:00:00,29.684102735498833,57.03020735953449,18,6,1,1425.4743765666694
2025-03-16 19:00:00,32.215162187424205,47.902680170927,19,6,1,1717.650693634053
2025-03-16 20:00:00,32.451752619183175,52.77982725094707,20,6,1,1666.3321018004808
2025-03-16 21:00:00,32.42831303405537,59.76163466415947,21,6,1,1656.4171366830392
2025-03-16 22:00:00,31.230531251470193,53.792006079680824,22,6,1,1519.73119834165
2025-03-16 23:00:00,30.262652019905275,53.37943854083681,23,6,1,1407.0339890565947
2025-03-17 00:00:00,29.315312211803047,62.311977661336385,0,0,0,1497.2905899962707
2025-03-17 01:00:00,28.20563859230072,62.87876216688703,1,0,0,1369.762702642317
2025-03-17 02:00:00,25.49764763519142,60.668902834568,2,0,0,1180.2551283197056
2025-03-17 03:00:00,23.559647720860173,57.555671575501265,3,0,0,1062.7832452406328
2025-03-17 04:00:00,22.47378459652477,58.8526019009248,4,0,0,1032.998180751918
2025-03-17 05:00:00,18.60811317123937,58.14015488520442,5,0,0,989.2474762602629
2025-03-17 06:00:00,20.3732240768001,56.67161789316538,6,0,0,1044.7378877139531
2025-03-17 07:00:00,19.10080325004839,56.98201274674692,7,0,0,1051.2253831428127
2025-03-17 08:00:00,18.910591982536495,58.763545579844575,8,0,0,1084.4568558105377
2025-03-17 09:00:00,20.254360135709298,56.559371982977304,9,0,0,1053.1728950164859
2025-03-17 10:00:00,17.457403288070452,55.56221821059922,10,0,0,1098.1307960501792
2025-03-17 11:00:00,18.544611638482834,62.25976602362249,11,0,0,1094.1466173329727
2025-03-17 12:00:00,22.691524365007645,60.66177257757069,12,0,0,1145.8248322450254
2025-03-17 13:00:00,24.042686208747554,65.98609655021424,13,0,0,1137.7744932611329
2025-03-17 14:00:00,26.06717208244974,55.69977769360129,14,0,0,1297.909802902146
2025-03-17 15:00:00,27.120140576130133,59.136346128041026,15,0,0,1348.0257906263957
2025-03-17 16:00:00,30.160184159707338,57.986776653216275,16,0,0,1581.3270755574767
2025-03-17 17:00:00,31.931873830514593,55.01190022329203,17,0,0,1745.19497864355
2025-03-17 18:00:00,32.505916329852326,58.77496782305777,18,0,0,1855.5065588767197
2025-03-17 19:00:00,32.31144638455739,58.9763381935799,19,0,0,1860.6828898918836
2025-03-17 20:00:00,30.333732485482134,57.97615138659731,20,0,0,1631.0732910581844
2025-03-17 21:00:00,33.547523984287444,54.35843158609384,21,0,0,1970.2013674421537
2025-03-17 22:00:00,33.391211976571604,54.013394775153216,22,0,0,1978.1928847794652
2025-03-17 23:00:00,31.58617731330603,50.69451347948935,23,0,0,1692.8016931570755
2025-03-18 00:00:00,28.324684774565018,54.24645497570322,0,1,0,1385.1221577844262
2025-03-18 01:00:00,28.50054227552498,54.91175299418325,1,1,0,1359.4067221751438
2025-03-18 02:00:00,26.912891336959763,53.538956415498355,2,1,0,1232.935735017279
2025-03-18 03:00:00,25.939101869047285,60.18405511913174,3,1,0,1166.7978061311276
2025-03-18 04:00:00,21.328923778332477,65.05494196461505,4,1,0,968.2088840397477
2025-03-18 05:00:00,20.658762717647228,56.90424518362451,5,1,0,1051.5344658766899
2025-03-18 06:00:00,20.714804322287105,61.64784401406371,6,1,0,1012.3457669757883
2025-03-18 07:00:00,19.18766698910834,56.988488646237826,7,1,0,1019.5036500592129
2025-03-18 08:00:00,17.539462564944497,60.56452629026555,8,1,0,1048.4787537604382
2025-03-18 09:00:00,19.616314445414595,58.19215590512306,9,1,0,1055.0811804709763
2025-03-18 10:00:00,20.512471821493158,63.00259386582851,10,1,0,1116.0856800139263
2025-03-18 11:00:00,21.0360636946974,57.670421826752325,11,1,0,1138.3502647758728
2025-03-18 12:00:00,22.64375760002196,63.7891386148178,12,1,0,1082.0654260667122
2025-03-18 13:00:00,23.758075289665506,58.313886789485,13,1,0,1155.9017253193426
2025-03-18 14:00:00,27.654190410265297,55.13990899751455,14,1,0,1363.8636750022386
2025-03-18 15:00:00,26.61115838266846,53.14231559755196,15,1,0,1339.6356407985638
2025-03-18 16:00:00,28.675470772089493,58.3426297323456,16,1,0,1476.464051632919
2025-03-18 17:00:00,30.84318577194489,60.04359930012677,17,1,0,1658.7551630665473
2025-03-18 18:00:00,32.99717834713817,56.69441368729223,18,1,0,1924.7101882819009
2025-03-18 19:00:00,30.84488866731606,65.41737119873127,19,1,0,1644.0880413112804
2025-03-18 20:00:00,31.3078995876875,61.99598997480667,20,1,0,1736.3091076707897
2025-03-18 21:00:00,30.196462262147843,55.4913040362728,21,1,0,1578.4870837468059
2025-03-18 22:00:00,31.981667784201026,54.73522315109131,22,1,0,1768.4013030569458
2025-03-18 23:00:00,29.488036175064007,58.883572407915814,23,1,0,1407.452862803147
2025-03-19 00:00:00,28.934941688668182,53.87394660282999,0,2,0,1413.6178348459623
2025-03-19 01:00:00,28.501788964277377,62.064437640418994,1,2,0,1424.2077023530821
2025-03-19 02:00:00,25.126550555750267,60.19578186507423,2,2,0,1172.755153473746
2025-03-19 03:00:00,24.362206932264073,60.0809528705285,3,2,0,1057.6718368531908
2025-03-19 04:00:00,22.037196331387616,62.73293613852822,4,2,0,1025.14106522397
2025-03-19 05:00:00,21.753191530499574,66.99004292127641,5,2,0,1003.8516847555123
2025-03-19 06:00:00,20.40437767501622,61.32207033874353,6,2,0,1070.7609482909625
2025-03-19 07:00:00,18.30460060125667,61.02599827601179,7,2,0,1058.052998516561
2025-03-19 08:00:00,18.69401971660914,67.35727060664665,8,2,0,1038.3738078671458
2025-03-19 09:00:00,20.387413113930798,64.51523641839222,9,2,0,1062.3924374563392
2025-03-19 10:00:00,20.30627623850353,59.3935701430637,10,2,0,1007.3040737586534
2025-03-19 11:00:00,19.270299883082494,61.11262584140308,11,2,0,1057.5108832278834
2025-03-19 12:00:00,23.18314349409534,60.30826626611706,12,2,0,1141.546883292256
2025-03-19 13:00:00,22.78313575804855,61.13399747520051,13,2,0,1155.3523341579487
2025-03-19 14:00:00,27.59141750464289,52.33703359438639,14,2,0,1337.7386616088497
2025-03-19 15:00:00,28.93705374421656,51.055240071107136,15,2,0,1487.54983781035
2025-03-19 16:00:00,29.744264391791763,53.35273415527348,16,2,0,1594.3097844155466
2025-03-19 17:00:00,31.034828701118943,52.527114747507056,17,2,0,1660.6808479355589
2025-03-19 18:00:00,31.707740939947847,53.54160756813086,18,2,0,1770.6821476879938
2025-03-19 19:00:00,33.47211134639319,57.94999802980274,19,2,0,1978.4376899429985
2025-03-19 20:00:00,32.45146801733521,55.14369616776696,20,2,0,1875.9987277310204
2025-03-19 21:00:00,32.94056644948103,56.409351840248334,21,2,0,1877.8457287969552
2025-03-19 22:00:00,33.0049008870041,50.70082600502931,22,2,0,1876.5350744270506
2025-03-19 23:00:00,30.17198143676481,54.88463861361029,23,2,0,1564.0656239391058
2025-03-20 00:00:00,28.671962078033793,59.68024581576584,0,3,0,1360.3115025334225
2025-03-20 01:00:00,26.289888104870922,60.66385459075884,1,3,0,1204.3506830094714
2025-03-20 02:00:00,24.63402607067122,56.04809425897989,2,3,0,1105.5061374699976
2025-03-20 03:00:00,21.90558567657518,60.684415274888146,3,3,0,1024.7222693411454
2025-03-20 04:00:00,23.28718791284126,68.28051624879282,4,3,0,1088.7980005768795
2025-03-20 05:00:00,23.132343348216118,59.476670943691,5,3,0,1082.7671309762222
2025-03-20 06:00:00,21.559610271695924,57.40340810675185,6,3,0,1021.9446169495093
2025-03-20 07:00:00,17.19861119564733,61.225505964292424,7,3,0,1081.5644730055058
2025-03-20 08:00:00,19.781218971890066,61.25622084135131,8,3,0,1087.8750913044169
2025-03-20 09:00:00,20.856440201907418,59.85275039647483,9,3,0,1045.005301794071
2025-03-20 10:00:00,19.30104356264516,60.95416377223593,10,3,0,1079.4250072337263
2025-03-20 11:00:00,21.083382814496854,54.5928596864539,11,3,0,1084.3461301046163
2025-03-20 12:00:00,20.001921705057022,56.94870941763338,12,3,0,1089.732621598619
2025-03-20 13:00:00,24.41974345187695,58.43476167096323,13,3,0,1153.7193979569802
2025-03-20 14:00:00,24.635121690700966,58.28487944362986,14,3,0,1242.1482036738248
2025-03-20 15:00:00,27.96268870323409,55.35016741926636,15,3,0,1396.7212826718849
2025-03-20 16:00:00,27.53794985939597,57.07676571193586,16,3,0,1405.4033888377444
2025-03-20 17:00:00,31.51257070370157,56.43903114017619,17,3,0,1736.625915470345
2025-03-20 18:00:00,33.202986403025726,59.076459264887816,18,3,0,1936.887171631948
2025-03-20 19:00:00,31.733058315987904,55.70992973270064,19,3,0,1789.2847261139646
2025-03-20 20:00:00,31.54708626833011,57.77757831386097,20,3,0,1750.8010132199302
2025-03-20 21:00:00,30.08564649898613,54.599340194669864,21,3,0,1561.4597583474267
2025-03-20 22:00:00,31.653874951623486,58.42683291374453,22,3,0,1734.6145755711677
2025-03-20 23:00:00,30.163228113190534,58.23762994517321,23,3,0,1535.9217581610674
2025-03-21 00:00:00,27.56400258626877,61.23766697821177,0,4,0,1304.651023656002
2025-03-21 01:00:00,28.28058170437869,60.34160916802647,1,4,0,1339.6928092203152
2025-03-21 02:00:00,25.385261422848856,61.00083792238504,2,4,0,1178.469052220531
2025-03-21 03:00:00,22.822609414994513,59.277286599371074,3,4,0,1033.873017977021
2025-03-21 04:00:00,21.7597389943179,61.07586131045072,4,4,0,1067.506083648417
2025-03-21 05:00:00,22.26104385949614,64.14961817000766,5,4,0,1038.8549129616254
2025-03-21 06:00:00,20.586572387101633,57.95707276754817,6,4,0,1032.0667544949838
2025-03-21 07:00:00,19.007713823264773,58.683283355906624,7,4,0,1064.1334074588165
2025-03-21 08:00:00,19.66815190324426,61.658464830503746,8,4,0,1052.855902490137
2025-03-21 09:00:00,17.770650749398875,63.35285846130226,9,4,0,1080.8582286186297
2025-03-21 10:00:00,19.901892175467804,57.54281713275686,10,4,0,1073.9846276513586
2025-03-21 11:00:00,21.152265209364373,60.040043662601015,11,4,0,1113.6245407200397
2025-03-21 12:00:00,21.861422070887965,59.67943607472967,12,4,0,1093.3948345095093
2025-03-21 13:00:00,24.63604256851769,50.08446251017904,13,4,0,1202.457656818074
2025-03-21 14:00:00,24.988705735513097,57.92614174875972,14,4,0,1225.484410542326
2025-03-21 15:00:00,28.348744046135426,56.83123105015196,15,4,0,1470.5142398018265
2025-03-21 16:00:00,30.087456406923987,56.123845665938326,16,4,0,1603.2698495344364
2025-03-21 17:00:00,27.374381492555788,63.51390450128676,17,4,0,1407.9128498871803
2025-03-21 18:00:00,33.41577055178965,50.570498585248636,18,4,0,1978.2655220885815
2025-03-21 19:00:00,29.02954758668661,53.88969068050691,19,4,0,1473.6888656647175
2025-03-21 20:00:00,32.18596705041909,45.47682998655503,20,4,0,1798.825004323944
2025-03-21 21:00:00,33.91712430621922,53.30948361281575,21,4,0,1984.4914443213063
2025-03-21 22:00:00,31.606659637274582,54.57476192858616,22,4,0,1685.510324297547
2025-03-21 23:00:00,29.11555017042882,55.11387122649145,23,4,0,1430.213102471488
2025-03-22 00:00:00,28.125410792948365,61.9805450407557,0,5,1,1248.6307386188291
2025-03-22 01:00:00,28.981915478310757,60.649703898023546,1,5,1,1287.2730799341928
2025-03-22 02:00:00,23.632089830350004,59.65859096492922,2,5,1,936.0404543673667
2025-03-22 03:00:00,25.480951272445143,57.12516727686249,3,5,1,1063.5741855060774
2025-03-22 04:00:00,22.37177274815762,63.95604957316441,4,5,1,953.1336774543742
2025-03-22 05:00:00,19.557273402171614,60.89805919978795,5,5,1,924.8877171248084
2025-03-22 06:00:00,19.17597935375407,57.85652810282454,6,5,1,883.2354556675398
2025-03-22 07:00:00,17.955745273662924,54.75270718059662,7,5,1,920.0896699888708
2025-03-22 08:00:00,19.977365508038602,59.04379582120183,8,5,1,968.388590425991
2025-03-22 09:00:00,20.055327854700298,63.79644332681031,9,5,1,940.8336951307089
2025-03-22 10:00:00,17.812724079866044,70.78106512622594,10,5,1,963.2512421551812
2025-03-22 11:00:00,20.503837256479336,60.84490648216617,11,5,1,975.2024161590925
2025-03-22 12:00:00,21.402072472195236,57.177748950640684,12,5,1,998.9871431065699
2025-03-22 13:00:00,25.678373913441966,53.78878960148636,13,5,1,1116.4164916486457
2025-03-22 14:00:00,24.317776325256663,61.28070905511973,14,5,1,1070.8272296246116
2025-03-22 15:00:00,29.67470350834803,49.87165438712372,15,5,1,1462.8893666800575
2025-03-22 16:00:00,29.397941579588043,59.24220377378433,16,5,1,1380.9154019942118
2025-03-22 17:00:00,29.493321447658094,60.273517845988415,17,5,1,1413.0562084177657
2025-03-22 18:00:00,31.187344072688305,58.07018018385613,18,5,1,1551.522035620626
2025-03-22 19:00:00,31.737433442109708,55.22637993540189,19,5,1,1607.5484660434615
2025-03-22 20:00:00,31.408353184589764,58.496421340351354,20,5,1,1568.6209034827746
2025-03-22 21:00:00,32.8131682827083,56.35848617142988,21,5,1,1753.1240818191595
2025-03-22 22:00:00,30.526574432669232,53.47687485948994,22,5,1,1455.1829874086893
2025-03-22 23:00:00,28.271203284828374,64.89316797556876,23,5,1,1225.2010168407053
2025-03-23 00:00:00,28.99378600455814,55.79576807973468,0,6,1,1297.1872380920163
2025-03-23 01:00:00,25.597703649592134,61.66392774196278,1,6,1,1014.0585165604717
2025-03-23 02:00:00,25.046804727894923,49.106820978059176,2,6,1,1021.6013975856562
2025-03-23 03:00:00,23.04674098753427,64.68718713611,3,6,1,958.7384557890825
2025-03-23 04:00:00,21.40393848314497,66.11347958536034,4,6,1,895.4367854883245
2025-03-23 05:00:00,23.400806023178298,59.55901273923523,5,6,1,946.6182555071106
2025-03-23 06:00:00,19.954913823688358,63.05311860947569,6,6,1,911.847779021278
2025-03-23 07:00:00,19.48236219634687,63.2411158478915,7,6,1,863.5379584742163
2025-03-23 08:00:00,16.81771981396519,59.50177779585103,8,6,1,988.4315502972827
2025-03-23 09:00:00,18.403161225188164,63.62722473168209,9,6,1,1026.42046333371
2025-03-23 10:00:00,20.14558309901469,57.5072448809039,10,6,1,944.3940565925155
2025-03-23 11:00:00,19.770215605774506,58.4568860631089,11,6,1,954.5942866201739
2025-03-23 12:00:00,23.539073181797527,63.892143300130186,12,6,1,1046.524951172459
2025-03-23 13:00:00,22.69442855077706,63.620859342489986,13,6,1,1048.2500731019188
2025-03-23 14:00:00,25.605758406537735,55.73219462892174,14,6,1,1154.9560522607703
2025-03-23 15:00:00,27.05786911732292,55.04254697906667,15,6,1,1168.2372864023325
2025-03-23 16:00:00,29.646582560834243,54.358980565835616,16,6,1,1449.0177483361806
2025-03-23 17:00:00,30.130557151655264,59.67833540519985,17,6,1,1540.9049569882925
2025-03-23 18:00:00,31.686503243581893,52.12545957932566,18,6,1,1653.365207326756
2025-03-23 19:00:00,32.42752244346584,57.255841578757476,19,6,1,1687.986732912493
2025-03-23 20:00:00,32.06813246070639,58.96013425825463,20,6,1,1668.5245904575224
2025-03-23 21:00:00,33.292991195795956,55.12982172050922,21,6,1,1773.1445304443766
2025-03-23 22:00:00,32.29764164587193,59.92119812911094,22,6,1,1697.5037000783502
2025-03-23 23:00:00,30.792808503577977,55.26563592060964,23,6,1,1459.20791424716
2025-03-24 00:00:00,28.94317998019506,56.36730560394631,0,0,0,1424.549823091268
2025-03-24 01:00:00,28.727316132691055,53.400088622396154,1,0,0,1376.7808392768943
2025-03-24 02:00:00,25.676728887772395,62.59801783537186,2,0,0,1162.32913112314
2025-03-24 03:00:00,23.779959919240643,56.221934244388265,3,0,0,1123.9688355195553
2025-03-24 04:00:00,22.585358016215164,61.16494406437417,4,0,0,1054.9024305763262
2025-03-24 05:00:00,23.0458865316086,59.29638111885282,5,0,0,1057.5980851804131
2025-03-24 06:00:00,18.289124704232897,57.27321786586019,6,0,0,1019.8403293937755
2025-03-24 07:00:00,20.122077467992362,58.31475643750977,7,0,0,997.5258777503178
2025-03-24 08:00:00,16.687924586863687,67.65631912141745,8,0,0,1079.2777307468264
2025-03-24 09:00:00,19.458976986200284,61.82303937605781,9,0,0,1071.7203093229855
2025-03-24 10:00:00,21.78765154698882,56.0483380157371,10,0,0,1119.17327531531
2025-03-24 11:00:00,21.59638474140435,61.382759252833026,11,0,0,1087.3757929295182
2025-03-24 12:00:00,22.66448007459716,59.14975184378296,12,0,0,1171.4043925001722
2025-03-24 13:00:00,23.475457302068076,73.22600268814949,13,0,0,1144.6074879607386
2025-03-24 14:00:00,25.996986620935676,59.54170071699482,14,0,0,1278.662120077181
2025-03-24 15:00:00,27.46898791758303,56.28990544470133,15,0,0,1356.3333114403893
2025-03-24 16:00:00,28.516558050831787,63.0734884508157,16,0,0,1488.4118013129862
2025-03-24 17:00:00,30.5616267100854,49.21120464679446,17,0,0,1704.9772724127392
2025-03-24 18:00:00,32.25996519959221,56.273294545687506,18,0,0,1793.75465120237
2025-03-24 19:00:00,31.800550282136122,64.05749386586984,19,0,0,1763.5800443234941
2025-03-24 20:00:00,31.992191795527795,55.53832614434987,20,0,0,1815.2965117843485
2025-03-24 21:00:00,31.088918639262282,49.43122836570277,21,0,0,1631.6245328788075
2025-03-24 22:00:00,32.49077783814716,54.22001700709874,22,0,0,1836.1223611824253
2025-03-24 23:00:00,31.56386536301572,61.99252601862986,23,0,0,1731.1670685514914
2025-03-25 00:00:00,29.74688137075555,58.405525836980864,0,1,0,1501.0895449731836
2025-03-25 01:00:00,28.93882674466377,53.86904486408442,1,1,0,1431.9987504593237
2025-03-25 02:00:00,26.0743300021686,55.62929677041646,2,1,0,1244.7080136681057
2025-03-25 03:00:00,24.62756864679299,56.710171456683554,3,1,0,1172.4911570773463
2025-03-25 04:00:00,22.8334937484368,61.11139403684127,4,1,0,1058.8238257834296
2025-03-25 05:00:00,20.909293346064047,65.78906719332899,5,1,0,1017.3495998230798
2025-03-25 06:00:00,19.269724817425082,65.30180212422665,6,1,0,1014.8365146153902
2025-03-25 07:00:00,21.864391192598546,61.8782922513971,7,1,0,1087.3817276284556
2025-03-25 08:00:00,18.42654766184752,56.102801895031064,8,1,0,1035.1288521339923
2025-03-25 09:00:00,18.408354800303727,56.124928023904744,9,1,0,1075.1440709415683
2025-03-25 10:00:00,20.42752279932079,62.76199896512674,10,1,0,1083.504014726739
2025-03-25 11:00:00,21.321366667719904,54.889568941180464,11,1,0,1086.1312964651631
2025-03-25 12:00:00,20.783138980539334,59.58447632350985,12,1,0,1108.0395229854455
2025-03-25 13:00:00,25.504369427430568,59.81485401377248,13,1,0,1319.0881790526294
2025-03-25 14:00:00,25.855855347250728,53.907281879648956,14,1,0,1274.5423658749276
2025-03-25 15:00:00,26.44750483913051,54.123948726912346,15,1,0,1302.6942303543822
2025-03-25 16:00:00,30.895429774896375,56.06534383177017,16,1,0,1721.2531491940858
2025-03-25 17:00:00,31.669446991892944,58.14682235333903,17,1,0,1783.0032207355089
2025-03-25 18:00:00,30.513616273825303,60.840628572124906,18,1,0,1676.264322699416
2025-03-25 19:00:00,34.86298903000447,57.283018127080425,19,1,0,2185.9625171621024
2025-03-25 20:00:00,33.759445679711156,55.590848108084316,20,1,0,2006.348793073007
2025-03-25 21:00:00,32.71813428294515,52.727967272593744,21,1,0,1818.473114869511
2025-03-25 22:00:00,33.93932923090894,50.94064032425835,22,1,0,1974.2226890946713
2025-03-25 23:00:00,31.109793646573134,54.31257418805416,23,1,0,1604.594410866231
2025-03-26 00:00:00,29.44317193745097,58.662473564941884,0,2,0,1480.8102535979642
2025-03-26 01:00:00,26.996244804067068,59.34799690488254,1,2,0,1230.7439765289255
2025-03-26 02:00:00,26.675092154744302,49.73035519520179,2,2,0,1271.7056905615127
2025-03-26 03:00:00,24.737061872646937,55.76246713787121,3,2,0,1130.9974262719313
2025-03-26 04:00:00,22.49448779544346,64.62023508824724,4,2,0,1046.5711967308757
2025-03-26 05:00:00,20.07914053462885,61.08520397736502,5,2,0,1006.7938642537729
2025-03-26 06:00:00,20.070609626084025,55.10372049715445,6,2,0,1052.0848563872382
2025-03-26 07:00:00,19.131632300637765,70.5706318061375,7,2,0,1030.5696689936565
2025-03-26 08:00:00,17.376702445094764,61.733552092703036,8,2,0,1068.152430885887
2025-03-26 09:00:00,17.44921602196331,63.35764942846831,9,2,0,1132.3669431141404
2025-03-26 10:00:00,20.59287785565646,62.16094788191795,10,2,0,1091.9798924143922
2025-03-26 11:00:00,17.90485818120795,60.167674862876076,11,2,0,1107.3851213315718
2025-03-26 12:00:00,22.72336425992932,56.8003595687427,12,2,0,1152.4308230286072
2025-03-26 13:00:00,23.591438642553573,67.85012448324233,13,2,0,1169.5343374742474
2025-03-26 14:00:00,27.5467675558317,61.794116456138326,14,2,0,1401.8049037672242
2025-03-26 15:00:00,27.1964430923088,61.209171567511184,15,2,0,1345.584497035015
2025-03-26 16:00:00,30.26825268467808,58.99785569300161,16,2,0,1682.5968857940015
2025-03-26 17:00:00,30.45032248639629,52.60660144399474,17,2,0,1629.023316208564
2025-03-26 18:00:00,32.175547238250246,61.039901871660994,18,2,0,1869.054404484172
2025-03-26 19:00:00,33.62255624870335,51.978446868471664,19,2,0,2001.7855355524603
2025-03-26 20:00:00,32.421804767986316,56.96442528540806,20,2,0,1858.9651934720807
2025-03-26 21:00:00,33.93421827299737,48.66875306894278,21,2,0,2044.8132716532696
2025-03-26 22:00:00,30.846612001539103,48.297919796794275,22,2,0,1661.4417637432105
2025-03-26 23:00:00,31.280130506951696,57.56111260783178,23,2,0,1649.8743832731288
2025-03-27 00:00:00,30.590843651934136,53.32726547044671,0,3,0,1614.513975473286
2025-03-27 01:00:00,28.58745429045476,49.408347998629004,1,3,0,1436.2798098626663
2025-03-27 02:00:00,28.283409836671208,59.64907407711982,2,3,0,1355.4729990753397
2025-03-27 03:00:00,23.255815488098275,67.97799688896384,3,3,0,1073.245761268558
2025-03-27 04:00:00,20.82869688297041,66.02676228113208,4,3,0,1013.245000360752
2025-03-27 05:00:00,19.84072638608874,59.83443790450181,5,3,0,1020.6588100317848
2025-03-27 06:00:00,20.71402923795577,60.54976953160548,6,3,0,1083.1721687237912
2025-03-27 07:00:00,19.819702721688493,64.42294393846026,7,3,0,1023.302425468512
2025-03-27 08:00:00,19.106383976165613,65.64595848887338,8,3,0,1040.1521590269695
2025-03-27 09:00:00,17.87464674163668,60.275998428042534,9,3,0,1134.3178072636963
2025-03-27 10:00:00,20.84173891009252,60.60001529886129,10,3,0,1101.8471261506013
2025-03-27 11:00:00,19.564282783102236,62.176746113817245,11,3,0,1146.602715428287
2025-03-27 12:00:00,23.874415483440995,61.46573908773893,12,3,0,1164.4398955981485
2025-03-27 13:00:00,27.600868776638904,57.22734672129937,13,3,0,1398.1758931629006
2025-03-27 14:00:00,26.423417360474573,57.7502920755352,14,3,0,1298.579552540294
2025-03-27 15:00:00,28.495139063095653,62.92127369377929,15,3,0,1472.815147316263
2025-03-27 16:00:00,28.892244261914044,62.08118510500592,16,3,0,1455.9934281280475
2025-03-27 17:00:00,28.761167467590365,59.205175306708206,17,3,0,1499.71570684746
2025-03-27 18:00:00,31.32259057544352,63.14740004991431,18,3,0,1739.360333242223
2025-03-27 19:00:00,31.43368247929369,54.680743959376855,19,3,0,1732.1776225677245
2025-03-27 20:00:00,31.247270492890696,62.792985597361245,20,3,0,1691.3619076003215
2025-03-27 21:00:00,34.81198869900697,57.04526629453942,21,3,0,2131.585637096491
2025-03-27 22:00:00,32.37328883271071,68.93478895577408,22,3,0,1829.5436666972319
2025-03-27 23:00:00,31.389048549631333,51.474452873017555,23,3,0,1655.2920902728292
2025-03-28 00:00:00,29.118473054197125,54.39522976945178,0,4,0,1456.6573470477688
2025-03-28 01:00:00,27.593587909218144,59.43775614911493,1,4,0,1362.905080085183
2025-03-28 02:00:00,27.14676071111982,59.53023192746804,2,4,0,1312.7188623744123
2025-03-28 03:00:00,24.138762034280717,66.94505112298779,3,4,0,1068.7289453457488
2025-03-28 04:00:00,23.126132618062304,56.876048219576944,4,4,0,1059.67649892671
2025-03-28 05:00:00,20.80434726671277,64.09793516809043,5,4,0,1044.2979679603914
2025-03-28 06:00:00,19.516538597063093,65.64323657990275,6,4,0,1038.5829874806864
2025-03-28 07:00:00,17.53952210968691,64.60278248500782,7,4,0,1044.8643182686676
2025-03-28 08:00:00,16.61600101759207,58.309614225265896,8,4,0,1127.9364768376938
2025-03-28 09:00:00,18.913944827129463,66.86545729016501,9,4,0,1078.440759207042
2025-03-28 10:00:00,19.994918096333432,65.71933248672828,10,4,0,1131.8830087865883
2025-03-28 11:00:00,19.496196380076245,63.399859527131014,11,4,0,1088.9165355117193
2025-03-28 12:00:00,22.447930054391062,60.6382187270794,12,4,0,1161.1412281444743
2025-03-28 13:00:00,24.24206965230358,60.00760417925605,13,4,0,1165.7853494334622
2025-03-28 14:00:00,23.402090285161368,59.12422071697794,14,4,0,1142.2998331980884
2025-03-28 15:00:00,26.70288361677487,60.68198709030062,15,4,0,1352.4144233919799
2025-03-28 16:00:00,29.978016564915183,56.93333278581384,16,4,0,1631.2170987594284
2025-03-28 17:00:00,31.403517836013346,52.8444929641841,17,4,0,1726.4017938879747
2025-03-28 18:00:00,30.66706781924398,52.33880629299204,18,4,0,1661.1357598263487
2025-03-28 19:00:00,32.94091833705578,52.61548765056852,19,4,0,1884.1023225395363
2025-03-28 20:00:00,34.216188562865185,56.00205354505173,20,4,0,2075.919089534318
2025-03-28 21:00:00,33.68326822724517,55.21886936336111,21,4,0,2015.3956081206281
2025-03-28 22:00:00,31.93713477450697,56.88652126335221,22,4,0,1748.795382756505
2025-03-28 23:00:00,30.377475784749304,58.652262220284726,23,4,0,1569.5853071560082
2025-03-29 00:00:00,28.738528303420853,54.79530497496415,0,5,1,1253.0256455401739
2025-03-29 01:00:00,28.366858739831493,63.3158971774488,1,5,1,1227.8775249638725
2025-03-29 02:00:00,26.227866452393723,57.23801011085261,2,5,1,1129.4182084010854
2025-03-29 03:00:00,24.937293176227254,57.091374790383064,3,5,1,1015.7517807667232
2025-03-29 04:00:00,22.65199026036764,61.668748845182755,4,5,1,905.6729431490825
2025-03-29 05:00:00,22.026510956733354,52.64335480780636,5,5,1,914.5252122632143
2025-03-29 06:00:00,20.045074897680426,57.61983224203615,6,5,1,870.5797799964328
2025-03-29 07:00:00,20.1738873599568,64.65473625078461,7,5,1,895.7108466515848
2025-03-29 08:00:00,20.038729009062223,53.83482068012667,8,5,1,966.3962765462387
2025-03-29 09:00:00,18.266828944329003,65.96356521000102,9,5,1,955.5849022269646
2025-03-29 10:00:00,17.761791001886294,67.73982986468202,10,5,1,1027.6748473446814
2025-03-29 11:00:00,22.89618564353389,58.16370439129145,11,5,1,1004.8678739897676
2025-03-29 12:00:00,22.80173216147697,60.84655820511445,12,5,1,1011.6623347770349
2025-03-29 13:00:00,22.124625294309265,64.4264982216804,13,5,1,1017.4132529095791
2025-03-29 14:00:00,25.137158287959803,56.877979932642006,14,5,1,1046.6002118290355
2025-03-29 15:00:00,28.7317241511837,60.77841242163125,15,5,1,1367.4020977529567
2025-03-29 16:00:00,29.158129487262787,54.4521530245722,16,5,1,1395.7857236246675
2025-03-29 17:00:00,30.329015449745135,54.75798464676923,17,5,1,1542.0632409049051
2025-03-29 18:00:00,33.736977743488886,52.107863045304555,18,5,1,1930.57586874533
2025-03-29 19:00:00,31.49847789298516,57.57119763958515,19,5,1,1585.371592887899
2025-03-29 20:00:00,32.03595765531646,60.617493148135615,20,5,1,1696.6582986890003
2025-03-29 21:00:00,33.00888623870365,54.85999377604988,21,5,1,1769.245085207676
2025-03-29 22:00:00,32.52446542957799,50.70521718851919,22,5,1,1680.227203840456
2025-03-29 23:00:00,31.539100794136967,51.853532393197945,23,5,1,1579.3669243505506
2025-03-30 00:00:00,30.590485698441473,58.14220340610557,0,6,1,1456.5177996052057
2025-03-30 01:00:00,28.0470277054942,64.9576545713794,1,6,1,1257.633717661888
2025-03-30 02:00:00,26.584260771684825,59.74119568858366,2,6,1,1118.1457839146856
2025-03-30 03:00:00,23.87421561806299,57.70272755016979,3,6,1,973.567496135256
2025-03-30 04:00:00,22.572238008842792,62.83584066386402,4,6,1,952.497545455183
2025-03-30 05:00:00,21.17629359271726,59.371488020566105,5,6,1,937.4348521592146
2025-03-30 06:00:00,20.192939981450504,59.20968313796297,6,6,1,931.6155192364313
2025-03-30 07:00:00,20.16256703003457,56.901136765205116,7,6,1,957.8663328051674
2025-03-30 08:00:00,19.663174863292532,66.5685254316684,8,6,1,949.4985504789935
2025-03-30 09:00:00,19.288579664415476,50.927736464251154,9,6,1,952.1833852863305
2025-03-30 10:00:00,18.963871036538418,64.4058883865017,10,6,1,993.0397639459819
2025-03-30 11:00:00,21.128458086328155,58.49363701427859,11,6,1,970.7407492072492
2025-03-30 12:00:00,22.463378703083844,58.17328559296001,12,6,1,1005.8195736443979
2025-03-30 13:00:00,24.417084625016926,65.80242677446448,13,6,1,1120.7472924983558
2025-03-30 14:00:00,28.644830413527217,54.48554346578891,14,6,1,1397.0104435020528
2025-03-30 15:00:00,27.180206026426898,55.2076409733156,15,6,1,1239.9699300395928
2025-03-30 16:00:00,30.003746867909168,56.27692429715821,16,6,1,1468.0236257553988
2025-03-30 17:00:00,32.22890199395772,57.563828745665866,17,6,1,1757.1129760591816
2025-03-30 18:00:00,32.17678016836906,54.161864803480896,18,6,1,1725.6503824607014
2025-03-30 19:00:00,35.56389497198881,48.27900628906093,19,6,1,2173.0365315028494
2025-03-30 20:00:00,32.54335289488096,52.31986611852056,20,6,1,1721.2490921964968
2025-03-30 21:00:00,33.147387895766265,60.66638026755157,21,6,1,1803.5427502693017
2025-03-30 22:00:00,31.100610977578228,56.658862765510754,22,6,1,1535.4364227980411
2025-03-30 23:00:00,30.524917831092615,58.394382002378244,23,6,1,1447.2800805626357
2025-03-31 00:00:00,29.797794700395553,55.835197291149626,0,0,0,1515.3390109257073
2025-03-31 01:00:00,28.826372198406485,54.631460335944325,1,0,0,1422.8925933144194
2025-03-31 02:00:00,26.38198780874785,64.9574826760025,2,0,0,1218.4656998398882
2025-03-31 03:00:00,25.6982785114036,57.767921167234235,3,0,0,1209.6597729229436
2025-03-31 04:00:00,22.385115635208358,58.07247422780815,4,0,0,1088.8979701906667
2025-03-31 05:00:00,20.650724303806925,64.9242797438986,5,0,0,1060.8933324679647
2025-03-31 06:00:00,23.181678310163754,56.637887240464956,6,0,0,1086.8823883164669
2025-03-31 07:00:00,19.71067840322652,58.5368192636134,7,0,0,1072.8956292282253
2025-03-31 08:00:00,18.135696152745307,61.586708274969475,8,0,0,1084.3753643066989
2025-03-31 09:00:00,18.404476709198402,61.43928973267336,9,0,0,1058.6302784952459
2025-03-31 10:00:00,18.805680283990885,62.31617327801651,10,0,0,1111.9768295350414
2025-03-31 11:00:00,22.17320976664188,68.2973924509252,11,0,0,1125.2475098225636
2025-03-31 12:00:00,22.061821256447672,61.32026448283042,12,0,0,1192.0754229843722
2025-03-31 13:00:00,24.3401756629897,49.551713883800915,13,0,0,1242.106033056329
2025-03-31 14:00:00,25.92286359859364,59.73605033428879,14,0,0,1307.3111467742333
2025-03-31 15:00:00,28.68859821316633,57.47608069269186,15,0,0,1497.4194402875758
2025-03-31 16:00:00,28.48298109645874,57.58060765882234,16,0,0,1474.2195068960548
2025-03-31 17:00:00,29.658134732853775,57.920535344443174,17,0,0,1545.4429670670045
2025-03-31 18:00:00,32.330408603028545,55.75312340808939,18,0,0,1812.3241989802902
2025-03-31 19:00:00,33.481705933582916,55.19686925434528,19,0,0,1972.2748142266032
2025-03-31 20:00:00,33.398112783636726,57.89293172562845,20,0,0,1970.305556987837
2025-03-31 21:00:00,31.789210317026242,53.9159926844115,21,0,0,1704.604161836092
2025-03-31 22:00:00,32.87423364492031,51.85956119947517,22,0,0,1866.31667973395
2025-03-31 23:00:00,30.056188363710636,68.87265046500531,23,0,0,1540.7973054029355
